BotName, Behaviour, PositionX, PositionY, Orientation, DistanceToEnemyFlag, DistanceToOwnFlag, DistanceToEnemyBase, DistanceToOwnBase, DistanceToEnemyFlagScore, DistanceToOwnFlagScore, DistanceToEnemyFlagSpawn, DistanceToOwnFlagSpawn, Visibility, DistanceToNearestEnemy, seesEnemy, GameState, gameTime

0, 4, 5, 26, -0.47543582, 55, 59, 3, 81, 59, 51, 55, 55, 19, 78, 1, 3, 33
1, 4, 3, 25, -0.43193597, 56, 60, 0, 82, 62, 54, 56, 56, 20, 80, 1, 3, 33
2, 4, 2, 25, -0.41530293, 57, 61, 1, 83, 63, 55, 57, 57, 20, 81, 1, 3, 33
6, 4, 2, 26, -0.4377114, 58, 62, 2, 84, 62, 54, 58, 58, 19, 81, 1, 3, 33
0, 0, 82, 24, -2.731465, 56, 52, 80, 4, 52, 60, 56, 56, 20, 999999, 0, 3, 33
2, 0, 84, 26, -2.6829164, 60, 56, 82, 2, 52, 60, 60, 60, 19, 78, 1, 3, 33
6, 5, 87, 25, -2.7366111, 62, 58, 84, 2, 56, 64, 62, 62, 21, 81, 1, 3, 33
0, 4, 5, 26, -0.47543582, 55, 59, 3, 81, 59, 51, 55, 55, 19, 78, 1, 3, 166
1, 4, 3, 25, -0.43193597, 56, 60, 0, 82, 62, 54, 56, 56, 20, 80, 1, 3, 166
2, 4, 2, 25, -0.41530293, 57, 61, 1, 83, 63, 55, 57, 57, 20, 81, 1, 3, 166
6, 4, 2, 26, -0.4377114, 58, 62, 2, 84, 62, 54, 58, 58, 19, 81, 1, 3, 166
0, 0, 82, 24, -2.731465, 56, 52, 80, 4, 52, 60, 56, 56, 20, 999999, 0, 3, 166
2, 0, 84, 26, -2.6829164, 60, 56, 82, 2, 52, 60, 60, 60, 19, 78, 1, 3, 166
6, 5, 87, 25, -2.7366111, 62, 58, 84, 2, 56, 64, 62, 62, 21, 81, 1, 3, 166
0, 4, 5, 26, -0.47543582, 55, 59, 3, 81, 59, 51, 55, 55, 19, 78, 1, 3, 300
1, 4, 3, 25, -0.43193597, 56, 60, 0, 82, 62, 54, 56, 56, 20, 80, 1, 3, 300
2, 4, 2, 25, -0.41530293, 57, 61, 1, 83, 63, 55, 57, 57, 20, 81, 1, 3, 300
6, 4, 2, 26, -0.4377114, 58, 62, 2, 84, 62, 54, 58, 58, 19, 81, 1, 3, 300
0, 4, 5, 26, -0.47543582, 55, 59, 3, 81, 59, 51, 55, 55, 19, 78, 1, 3, 433
1, 4, 3, 25, -0.43193597, 56, 60, 0, 82, 62, 54, 56, 56, 20, 80, 1, 3, 433
2, 4, 2, 25, -0.41530293, 57, 61, 1, 83, 63, 55, 57, 57, 20, 81, 1, 3, 433
6, 4, 2, 26, -0.4377114, 58, 62, 2, 84, 62, 54, 58, 58, 19, 81, 1, 3, 433
0, 4, 5, 26, -0.47543582, 55, 59, 3, 81, 59, 51, 55, 55, 19, 78, 1, 3, 566
1, 4, 3, 25, -0.43193597, 56, 60, 0, 82, 62, 54, 56, 56, 20, 80, 1, 3, 566
2, 4, 2, 25, -0.41530293, 57, 61, 1, 83, 63, 55, 57, 57, 20, 81, 1, 3, 566
6, 4, 2, 26, -0.4377114, 58, 62, 2, 84, 62, 54, 58, 58, 19, 81, 1, 3, 566
0, 4, 5, 26, -0.2770357, 55, 59, 3, 81, 59, 51, 55, 55, 19, 78, 1, 3, 700
1, 4, 3, 25, -0.23299065, 56, 60, 0, 82, 62, 54, 56, 56, 20, 80, 1, 3, 700
2, 4, 2, 25, -0.44485965, 57, 61, 1, 83, 63, 55, 57, 57, 20, 81, 1, 3, 700
6, 4, 2, 26, -0.32369867, 58, 62, 2, 84, 62, 54, 58, 58, 19, 81, 1, 3, 700
0, 4, 5, 26, -0.04571934, 55, 59, 3, 81, 59, 51, 55, 55, 19, 78, 1, 3, 833
1, 4, 4, 25, -0.0036975227, 55, 59, 1, 81, 61, 53, 55, 55, 19, 79, 1, 3, 833
2, 4, 2, 25, -0.31029904, 57, 61, 1, 83, 63, 55, 57, 57, 20, 81, 1, 3, 833
6, 4, 3, 26, -0.13434193, 57, 61, 1, 83, 61, 53, 57, 57, 19, 80, 1, 3, 833
0, 4, 6, 26, 0.008078483, 54, 58, 4, 80, 58, 50, 54, 54, 21, 77, 1, 3, 966
1, 4, 4, 25, 0.04962991, 55, 59, 1, 81, 61, 53, 55, 55, 19, 79, 1, 3, 966
2, 4, 2, 25, -0.2790015, 57, 61, 1, 83, 63, 55, 57, 57, 20, 81, 1, 3, 966
6, 4, 3, 26, -0.09030139, 57, 61, 1, 83, 61, 53, 57, 57, 19, 80, 1, 3, 966
0, 4, 7, 26, 0.020591343, 53, 57, 5, 79, 57, 49, 53, 53, 22, 76, 1, 3, 1100
4, 4, 4, 26, -0.1697681, 56, 60, 2, 82, 60, 52, 56, 56, 18, 79, 1, 3, 1100
1, 4, 5, 25, 0.062033433, 54, 58, 2, 80, 60, 52, 54, 54, 19, 78, 1, 3, 1100
2, 4, 3, 25, -0.27172282, 56, 60, 0, 82, 62, 54, 56, 56, 20, 80, 1, 3, 1100
6, 4, 3, 26, -0.08005823, 57, 61, 1, 83, 61, 53, 57, 57, 19, 80, 1, 3, 1100
0, 4, 8, 26, 0.023501473, 52, 56, 6, 78, 56, 48, 52, 52, 29, 75, 1, 3, 1233
4, 4, 5, 26, -0.16759832, 55, 59, 3, 81, 59, 51, 55, 55, 19, 79, 1, 3, 1233
1, 4, 6, 25, 0.064918086, 53, 57, 3, 79, 59, 51, 53, 53, 22, 77, 1, 3, 1233
2, 4, 3, 25, -0.27002984, 56, 60, 0, 82, 62, 54, 56, 56, 20, 80, 1, 3, 1233
6, 4, 4, 26, -0.07767594, 56, 60, 2, 82, 60, 52, 56, 56, 18, 79, 1, 3, 1233
0, 4, 8, 26, 0.024178237, 52, 56, 6, 78, 56, 48, 52, 52, 29, 75, 1, 3, 1366
4, 4, 5, 26, -0.1670937, 55, 59, 3, 81, 59, 51, 55, 55, 19, 78, 1, 3, 1366
1, 4, 6, 25, 0.065588936, 53, 57, 3, 79, 59, 51, 53, 53, 22, 77, 1, 3, 1366
2, 4, 4, 25, -0.26963612, 55, 59, 1, 81, 61, 53, 55, 55, 19, 79, 1, 3, 1366
6, 4, 4, 26, -0.077121876, 56, 60, 2, 82, 60, 52, 56, 56, 18, 79, 1, 3, 1366
0, 0, 82, 24, -2.8560765, 56, 52, 80, 4, 52, 60, 56, 56, 20, 999999, 0, 3, 1366
2, 0, 84, 26, -2.593888, 60, 56, 82, 2, 52, 60, 60, 60, 19, 75, 1, 3, 1366
6, 5, 87, 25, -3.0520296, 62, 58, 84, 2, 56, 64, 62, 62, 21, 78, 1, 3, 1366
0, 4, 9, 26, 0.024335701, 51, 55, 7, 77, 55, 47, 51, 51, 36, 74, 1, 3, 1499
4, 4, 5, 26, -0.16697639, 55, 59, 3, 81, 59, 51, 55, 55, 19, 78, 1, 3, 1499
1, 4, 7, 25, 0.065745085, 52, 56, 4, 78, 58, 50, 52, 52, 25, 76, 1, 3, 1499
2, 4, 4, 24, -0.26954442, 54, 58, 2, 82, 62, 54, 54, 54, 20, 79, 1, 3, 1499
6, 4, 5, 26, -0.076993205, 55, 59, 3, 81, 59, 51, 55, 55, 19, 78, 1, 3, 1499
0, 0, 82, 24, -2.9172497, 56, 52, 80, 4, 52, 60, 56, 56, 20, 999999, 0, 3, 1499
2, 0, 84, 26, -2.4975026, 60, 56, 82, 2, 52, 60, 60, 60, 19, 74, 1, 3, 1499
6, 5, 87, 25, 3.0314965, 62, 58, 84, 2, 56, 64, 62, 62, 21, 78, 1, 3, 1499
0, 4, 10, 26, 0.02437231, 50, 54, 8, 76, 54, 46, 50, 50, 39, 73, 1, 3, 1633
4, 4, 6, 26, -0.16694887, 54, 58, 4, 80, 58, 50, 54, 54, 21, 77, 1, 3, 1633
1, 4, 8, 25, 0.06578133, 51, 55, 5, 77, 57, 49, 51, 51, 32, 75, 1, 3, 1633
2, 4, 4, 24, -0.26952323, 54, 58, 2, 82, 62, 54, 54, 54, 20, 78, 1, 3, 1633
6, 4, 5, 26, -0.07696309, 55, 59, 3, 81, 59, 51, 55, 55, 19, 78, 1, 3, 1633
0, 0, 82, 23, -2.9314787, 55, 51, 81, 5, 53, 61, 55, 55, 20, 999999, 0, 3, 1633
2, 0, 83, 26, -2.4750838, 59, 55, 81, 3, 51, 59, 59, 59, 18, 73, 1, 3, 1633
6, 5, 87, 25, 2.9850593, 62, 58, 84, 2, 56, 64, 62, 62, 21, 76, 1, 3, 1633
0, 4, 11, 26, 0.024380833, 49, 53, 9, 75, 53, 45, 49, 49, 41, 71, 1, 3, 1766
4, 4, 6, 26, -0.16694257, 54, 58, 4, 80, 58, 50, 54, 54, 21, 76, 1, 3, 1766
1, 4, 9, 25, 0.06578963, 50, 54, 6, 76, 56, 48, 50, 50, 36, 73, 1, 3, 1766
6, 4, 5, 26, -0.07695615, 55, 59, 3, 81, 59, 51, 55, 55, 19, 77, 1, 3, 1766
0, 0, 81, 23, -2.9347875, 54, 50, 80, 6, 52, 60, 54, 54, 20, 999999, 0, 3, 1766
2, 0, 83, 26, -2.4698696, 59, 55, 81, 3, 51, 59, 59, 59, 18, 71, 1, 3, 1766
6, 5, 86, 26, 2.9742587, 62, 58, 84, 2, 54, 62, 62, 62, 19, 75, 1, 3, 1766
0, 4, 12, 26, 0.024382802, 48, 52, 10, 74, 52, 44, 48, 48, 43, 70, 1, 3, 1899
4, 4, 7, 26, -0.16694112, 53, 57, 5, 79, 57, 49, 53, 53, 22, 75, 1, 3, 1899
1, 4, 10, 25, 0.065791614, 49, 53, 7, 75, 55, 47, 49, 49, 38, 71, 1, 3, 1899
6, 4, 6, 26, -0.07695459, 54, 58, 4, 80, 58, 50, 54, 54, 21, 76, 1, 3, 1899
0, 0, 80, 23, -2.988538, 53, 49, 79, 7, 51, 59, 53, 53, 22, 999999, 0, 3, 1899
2, 0, 82, 25, -2.5054135, 57, 53, 79, 3, 51, 59, 57, 57, 19, 70, 1, 3, 1899
6, 5, 85, 26, 3.0337555, 61, 57, 83, 1, 53, 61, 61, 61, 19, 73, 1, 3, 1899
0, 4, 12, 26, 0.02438316, 48, 52, 10, 74, 52, 44, 48, 48, 43, 68, 1, 3, 2033
4, 4, 7, 26, -0.16694076, 53, 57, 5, 79, 57, 49, 53, 53, 22, 74, 1, 3, 2033
1, 4, 10, 26, 0.06579228, 50, 54, 8, 76, 54, 46, 50, 50, 39, 70, 1, 3, 2033
6, 4, 6, 26, -0.076954246, 54, 58, 4, 80, 58, 50, 54, 54, 21, 75, 1, 3, 2033
0, 0, 80, 23, -3.026594, 53, 49, 79, 7, 51, 59, 53, 53, 22, 999999, 0, 3, 2033
2, 0, 81, 25, -2.5692391, 56, 52, 78, 4, 50, 58, 56, 56, 22, 68, 1, 3, 2033
6, 5, 84, 26, 3.0571353, 60, 56, 82, 2, 52, 60, 60, 60, 19, 71, 1, 3, 2033
0, 4, 13, 26, 0.02438316, 47, 51, 11, 73, 51, 43, 47, 47, 44, 69, 1, 3, 2166
4, 4, 7, 26, -0.16694076, 53, 57, 5, 79, 57, 49, 53, 53, 22, 75, 1, 3, 2166
1, 4, 11, 26, 0.06579228, 49, 53, 9, 75, 53, 45, 49, 49, 41, 71, 1, 3, 2166
6, 4, 7, 26, -0.076954246, 53, 57, 5, 79, 57, 49, 53, 53, 22, 76, 1, 3, 2166
0, 0, 79, 23, -3.0354452, 52, 48, 78, 8, 50, 58, 52, 52, 24, 999999, 0, 3, 2166
2, 0, 81, 24, -2.584085, 55, 51, 79, 5, 51, 59, 55, 55, 21, 999999, 0, 3, 2166
6, 5, 84, 26, 3.0834835, 60, 56, 82, 2, 52, 60, 60, 60, 19, 70, 1, 3, 2166
0, 4, 14, 26, 0.02438316, 46, 50, 12, 72, 50, 42, 46, 46, 47, 68, 1, 3, 2299
4, 4, 8, 26, -0.16694076, 52, 56, 6, 78, 56, 48, 52, 52, 29, 74, 1, 3, 2299
1, 4, 12, 26, 0.06579228, 48, 52, 10, 74, 52, 44, 48, 48, 43, 70, 1, 3, 2299
6, 4, 7, 26, -0.076954246, 53, 57, 5, 79, 57, 49, 53, 53, 22, 75, 1, 3, 2299
0, 0, 78, 23, -3.0375035, 51, 47, 77, 9, 49, 57, 51, 51, 32, 999999, 0, 3, 2299
2, 0, 80, 24, -2.6778078, 54, 50, 78, 6, 50, 58, 54, 54, 24, 999999, 0, 3, 2299
6, 5, 83, 26, 3.0996962, 59, 55, 81, 3, 51, 59, 59, 59, 18, 69, 1, 3, 2299
0, 4, 15, 26, 0.02438316, 45, 49, 13, 71, 49, 41, 45, 45, 49, 66, 1, 3, 2433
4, 4, 8, 26, -0.16694076, 52, 56, 6, 78, 56, 48, 52, 52, 29, 73, 1, 3, 2433
1, 4, 13, 26, 0.06579228, 47, 51, 11, 73, 51, 43, 47, 47, 44, 68, 1, 3, 2433
6, 4, 7, 26, -0.076954246, 53, 57, 5, 79, 57, 49, 53, 53, 22, 73, 1, 3, 2433
0, 0, 77, 23, -3.0379822, 50, 46, 76, 10, 48, 56, 50, 50, 35, 999999, 0, 3, 2433
2, 0, 79, 24, -2.7431355, 53, 49, 77, 7, 49, 57, 53, 53, 30, 999999, 0, 3, 2433
6, 5, 82, 26, 3.103467, 58, 54, 80, 4, 50, 58, 58, 58, 19, 67, 1, 3, 2433
0, 4, 16, 26, -0.07384129, 44, 48, 14, 70, 48, 40, 44, 44, 52, 64, 1, 3, 2566
4, 4, 8, 26, -0.16694076, 52, 56, 6, 78, 56, 48, 52, 52, 29, 71, 1, 3, 2566
1, 4, 14, 26, 0.06579228, 46, 50, 12, 72, 50, 42, 46, 46, 47, 66, 1, 3, 2566
6, 4, 8, 26, -0.076954246, 52, 56, 6, 78, 56, 48, 52, 52, 29, 72, 1, 3, 2566
0, 0, 77, 22, -1.9676567, 49, 45, 77, 11, 49, 57, 49, 49, 30, 999999, 0, 3, 2566
2, 0, 78, 23, -2.7583303, 51, 47, 77, 9, 49, 57, 51, 51, 32, 999999, 0, 3, 2566
6, 5, 81, 26, 3.0678468, 57, 53, 79, 5, 49, 57, 57, 57, 21, 65, 1, 3, 2566
0, 4, 16, 26, -0.24515802, 44, 48, 14, 70, 48, 40, 44, 44, 52, 63, 1, 3, 2699
4, 4, 9, 26, -0.16694076, 51, 55, 7, 77, 55, 47, 51, 51, 36, 70, 1, 3, 2699
1, 4, 15, 26, 0.06579228, 45, 49, 13, 71, 49, 41, 45, 45, 49, 64, 1, 3, 2699
6, 4, 8, 25, -0.076954246, 51, 55, 5, 77, 57, 49, 51, 51, 32, 71, 1, 3, 2699
0, 0, 77, 22, -2.3777356, 49, 45, 77, 11, 49, 57, 49, 49, 30, 999999, 0, 3, 2699
2, 0, 78, 23, -2.7618644, 51, 47, 77, 9, 49, 57, 51, 51, 32, 999999, 0, 3, 2699
6, 5, 80, 26, 3.0539465, 56, 52, 78, 6, 48, 56, 56, 56, 22, 63, 1, 3, 2699
0, 4, 17, 26, -0.28500262, 43, 47, 15, 69, 47, 39, 43, 43, 57, 61, 1, 3, 2833
4, 4, 9, 26, -0.16694076, 51, 55, 7, 77, 55, 47, 51, 51, 36, 69, 1, 3, 2833
1, 4, 15, 26, 0.06579228, 45, 49, 13, 71, 49, 41, 45, 45, 49, 63, 1, 3, 2833
6, 4, 9, 25, -0.076954246, 50, 54, 6, 76, 56, 48, 50, 50, 36, 70, 1, 3, 2833
0, 0, 76, 21, -2.4731035, 47, 43, 77, 13, 49, 57, 47, 47, 33, 999999, 0, 3, 2833
2, 0, 77, 23, -2.5454953, 50, 46, 76, 10, 48, 56, 50, 50, 35, 999999, 0, 3, 2833
6, 5, 80, 26, 3.0507138, 56, 52, 78, 6, 48, 56, 56, 56, 22, 62, 1, 3, 2833
0, 4, 18, 26, -0.29426953, 42, 46, 16, 68, 46, 38, 42, 42, 61, 60, 1, 3, 2966
4, 4, 10, 26, -0.16694076, 50, 54, 8, 76, 54, 46, 50, 50, 39, 68, 1, 3, 2966
1, 4, 16, 26, 0.06579228, 44, 48, 14, 70, 48, 40, 44, 44, 52, 62, 1, 3, 2966
6, 4, 9, 25, -0.076954246, 50, 54, 6, 76, 56, 48, 50, 50, 36, 69, 1, 3, 2966
0, 0, 76, 21, -2.4952857, 47, 43, 77, 13, 49, 57, 47, 47, 33, 999999, 0, 3, 2966
2, 0, 77, 22, -1.8119923, 49, 45, 77, 11, 49, 57, 49, 49, 30, 999999, 0, 3, 2966
6, 5, 79, 26, 3.049962, 55, 51, 77, 7, 47, 55, 55, 55, 29, 61, 1, 3, 2966
0, 4, 18, 25, -0.29642475, 41, 45, 15, 67, 47, 39, 41, 41, 60, 58, 1, 3, 3099
4, 4, 10, 25, -0.16694076, 49, 53, 7, 75, 55, 47, 49, 49, 38, 67, 1, 3, 3099
1, 4, 17, 26, 0.06579228, 43, 47, 15, 69, 47, 39, 43, 43, 57, 60, 1, 3, 3099
6, 4, 9, 25, -0.076954246, 50, 54, 6, 76, 56, 48, 50, 50, 36, 68, 1, 3, 3099
0, 0, 75, 20, -2.5004451, 45, 41, 77, 15, 49, 57, 45, 45, 33, 999999, 0, 3, 3099
2, 0, 77, 21, -1.8601662, 48, 44, 78, 12, 50, 58, 48, 48, 26, 999999, 0, 3, 3099
6, 5, 78, 26, 3.0497873, 54, 50, 76, 8, 46, 54, 54, 54, 36, 59, 1, 3, 3099
0, 4, 20, 25, -0.2969261, 39, 43, 17, 65, 45, 37, 39, 39, 67, 56, 1, 3, 3233
4, 4, 10, 25, -0.16694076, 49, 53, 7, 75, 55, 47, 49, 49, 38, 65, 1, 3, 3233
1, 4, 18, 26, 0.06579228, 42, 46, 16, 68, 46, 38, 42, 42, 61, 58, 1, 3, 3233
6, 4, 10, 25, -0.076954246, 49, 53, 7, 75, 55, 47, 49, 49, 38, 66, 1, 3, 3233
0, 0, 74, 19, -2.3187628, 43, 39, 77, 17, 49, 57, 43, 43, 35, 999999, 0, 3, 3233
2, 0, 76, 21, -2.3365781, 47, 43, 77, 13, 49, 57, 47, 47, 33, 999999, 0, 3, 3233
6, 5, 78, 27, 2.4674654, 55, 51, 77, 9, 45, 53, 55, 55, 35, 58, 1, 3, 3233
0, 4, 20, 25, -0.2970425, 39, 43, 17, 65, 45, 37, 39, 39, 67, 55, 1, 3, 3366
4, 4, 11, 25, -0.16694076, 48, 52, 8, 74, 54, 46, 48, 48, 40, 64, 1, 3, 3366
1, 4, 19, 26, 0.06579228, 41, 45, 17, 67, 45, 37, 41, 41, 65, 56, 1, 3, 3366
6, 4, 10, 25, -0.076954246, 49, 53, 7, 75, 55, 47, 49, 49, 38, 65, 1, 3, 3366
0, 0, 74, 19, -2.248373, 43, 39, 77, 17, 49, 57, 43, 43, 35, 999999, 0, 3, 3366
2, 0, 75, 20, -2.4473734, 45, 41, 77, 15, 49, 57, 45, 45, 33, 999999, 0, 3, 3366
6, 5, 77, 27, 2.7658274, 54, 50, 76, 10, 44, 52, 54, 54, 40, 56, 1, 3, 3366
0, 4, 21, 25, -0.29706973, 38, 42, 18, 64, 44, 36, 38, 38, 70, 53, 1, 3, 3499
4, 4, 11, 25, -0.16694076, 48, 52, 8, 74, 54, 46, 48, 48, 40, 63, 1, 3, 3499
1, 4, 19, 26, 0.06579228, 41, 45, 17, 67, 45, 37, 41, 41, 65, 55, 1, 3, 3499
6, 4, 11, 25, -0.076954246, 48, 52, 8, 74, 54, 46, 48, 48, 40, 64, 1, 3, 3499
0, 0, 73, 18, -2.232001, 41, 37, 77, 19, 49, 57, 41, 41, 38, 999999, 0, 3, 3499
2, 0, 75, 20, -2.3496, 45, 41, 77, 15, 49, 57, 45, 45, 33, 999999, 0, 3, 3499
6, 5, 76, 27, 2.866766, 53, 49, 75, 11, 43, 51, 53, 53, 42, 55, 1, 3, 3499
0, 4, 21, 25, -0.29707628, 38, 42, 18, 64, 44, 36, 38, 38, 70, 52, 1, 3, 3633
4, 4, 12, 25, -0.16694076, 47, 51, 9, 73, 53, 45, 47, 47, 41, 62, 1, 3, 3633
1, 4, 20, 26, 0.06579228, 40, 44, 18, 66, 44, 36, 40, 40, 67, 54, 1, 3, 3633
6, 4, 11, 25, -0.076954246, 48, 52, 8, 74, 54, 46, 48, 48, 40, 63, 1, 3, 3633
0, 0, 73, 18, -2.2687929, 41, 37, 77, 19, 49, 57, 41, 41, 38, 999999, 0, 3, 3633
2, 0, 74, 19, -2.307851, 43, 39, 77, 17, 49, 57, 43, 43, 35, 999999, 0, 3, 3633
6, 5, 75, 27, 2.9577048, 52, 48, 74, 12, 42, 50, 52, 52, 44, 54, 1, 3, 3633
0, 4, 22, 24, -0.29707748, 36, 40, 20, 64, 44, 36, 36, 36, 72, 51, 1, 3, 3766
4, 4, 12, 25, -0.16694076, 47, 51, 9, 73, 53, 45, 47, 47, 41, 61, 1, 3, 3766
1, 4, 21, 26, 0.06579228, 39, 43, 19, 65, 43, 35, 39, 39, 70, 52, 1, 3, 3766
6, 4, 11, 25, -0.076954246, 48, 52, 8, 74, 54, 46, 48, 48, 40, 61, 1, 3, 3766
0, 0, 72, 17, -2.338718, 39, 35, 77, 21, 49, 57, 39, 39, 43, 999999, 0, 3, 3766
2, 0, 74, 19, -2.298141, 43, 39, 77, 17, 49, 57, 43, 43, 35, 999999, 0, 3, 3766
6, 5, 75, 28, 3.01139, 53, 49, 75, 13, 41, 49, 53, 53, 44, 52, 1, 3, 3766
0, 4, 23, 24, -0.2970775, 35, 39, 21, 63, 43, 35, 35, 35, 74, 49, 1, 3, 3899
4, 4, 12, 25, -0.16694076, 47, 51, 9, 73, 53, 45, 47, 47, 41, 59, 1, 3, 3899
1, 4, 22, 26, 0.06579228, 38, 42, 20, 64, 42, 34, 38, 38, 73, 50, 1, 3, 3899
6, 4, 12, 25, -0.076954246, 47, 51, 9, 73, 53, 45, 47, 47, 41, 60, 1, 3, 3899
0, 0, 72, 16, -2.3549817, 38, 34, 78, 22, 50, 58, 38, 38, 47, 999999, 0, 3, 3899
2, 0, 73, 18, -2.2958827, 41, 37, 77, 19, 49, 57, 41, 41, 38, 999999, 0, 3, 3899
6, 5, 74, 28, 3.0238767, 52, 48, 74, 14, 40, 48, 52, 52, 45, 50, 1, 3, 3899
4, 4, 13, 25, -0.16694076, 46, 50, 10, 72, 52, 44, 46, 46, 43, 58, 1, 3, 4033
1, 4, 23, 26, 0.06579228, 37, 41, 21, 63, 41, 33, 37, 37, 74, 48, 1, 3, 4033
6, 4, 12, 25, -0.076954246, 47, 51, 9, 73, 53, 45, 47, 47, 41, 59, 1, 3, 4033
0, 4, 24, 24, -0.2970775, 34, 38, 22, 62, 42, 34, 34, 34, 75, 48, 1, 3, 4033
0, 0, 71, 16, -2.3575718, 37, 33, 77, 23, 49, 57, 37, 37, 50, 999999, 0, 3, 4033
2, 0, 72, 17, -2.421357, 39, 35, 77, 21, 49, 57, 39, 39, 43, 999999, 0, 3, 4033
6, 5, 73, 28, 3.0752888, 51, 47, 73, 15, 39, 47, 51, 51, 46, 48, 1, 3, 4033
4, 4, 13, 25, -0.16694076, 46, 50, 10, 72, 52, 44, 46, 46, 43, 57, 1, 3, 4166
1, 4, 23, 26, 0.06579228, 37, 41, 21, 63, 41, 33, 37, 37, 74, 47, 1, 3, 4166
6, 4, 13, 25, -0.076954246, 46, 50, 10, 72, 52, 44, 46, 46, 43, 58, 1, 3, 4166
0, 4, 25, 23, -0.2970775, 32, 36, 24, 62, 42, 34, 32, 32, 74, 47, 1, 3, 4166
0, 0, 71, 15, -2.3563716, 36, 32, 78, 24, 50, 58, 36, 36, 53, 999999, 0, 3, 4166
2, 0, 72, 17, -2.4699247, 39, 35, 77, 21, 49, 57, 39, 39, 43, 999999, 0, 3, 4166
6, 5, 72, 28, 3.0872462, 50, 46, 72, 16, 38, 46, 50, 50, 46, 47, 1, 3, 4166
4, 4, 14, 25, -0.16694076, 45, 49, 11, 71, 51, 43, 45, 45, 42, 56, 1, 3, 4299
1, 4, 24, 26, 0.06579228, 36, 40, 22, 62, 40, 32, 36, 36, 75, 46, 1, 3, 4299
6, 4, 13, 25, -0.076954246, 46, 50, 10, 72, 52, 44, 46, 46, 43, 57, 1, 3, 4299
0, 0, 70, 15, -2.3560927, 35, 31, 77, 25, 49, 57, 35, 35, 52, 999999, 0, 3, 4299
2, 0, 72, 16, -2.481221, 38, 34, 78, 22, 50, 58, 38, 38, 47, 999999, 0, 3, 4299
6, 5, 72, 28, 3.065957, 50, 46, 72, 16, 38, 46, 50, 50, 46, 58, 1, 3, 4299
4, 4, 14, 25, -0.03875654, 45, 49, 11, 71, 51, 43, 45, 45, 42, 55, 1, 3, 4433
1, 4, 25, 26, 0.06579228, 35, 39, 23, 61, 39, 31, 35, 35, 75, 45, 1, 3, 4433
6, 4, 13, 25, -0.076954246, 46, 50, 10, 72, 52, 44, 46, 46, 43, 56, 1, 3, 4433
0, 0, 70, 14, -2.3560278, 34, 30, 78, 26, 50, 58, 34, 34, 51, 999999, 0, 3, 4433
2, 0, 71, 16, -2.483848, 37, 33, 77, 23, 49, 57, 37, 37, 50, 999999, 0, 3, 4433
6, 5, 71, 28, 3.049397, 49, 45, 71, 17, 37, 45, 49, 49, 45, 56, 1, 3, 4433
5, 4, 12, 24, 0.23040345, 46, 50, 10, 74, 54, 46, 46, 46, 39, 57, 1, 3, 4566
4, 4, 14, 25, -0.008942246, 45, 49, 11, 71, 51, 43, 45, 45, 42, 55, 1, 3, 4566
1, 4, 26, 27, 0.06579228, 35, 39, 25, 61, 37, 29, 35, 35, 74, 44, 1, 3, 4566
6, 4, 14, 25, -0.076954246, 45, 49, 11, 71, 51, 43, 45, 45, 42, 55, 1, 3, 4566
0, 0, 69, 14, -2.3560128, 33, 29, 77, 27, 49, 57, 33, 33, 39, 999999, 0, 3, 4566
2, 0, 70, 15, -2.3445678, 35, 31, 77, 25, 49, 57, 35, 35, 52, 999999, 0, 3, 4566
6, 5, 70, 28, 3.0455456, 48, 44, 70, 18, 36, 44, 48, 48, 43, 57, 1, 3, 4566
5, 4, 13, 25, 0.23040345, 46, 50, 10, 72, 52, 44, 46, 46, 43, 56, 1, 3, 4699
4, 4, 15, 25, -0.0020085583, 44, 48, 12, 70, 50, 42, 44, 44, 41, 54, 1, 3, 4699
1, 4, 27, 27, 0.06579228, 34, 38, 26, 60, 36, 28, 34, 34, 73, 42, 1, 3, 4699
6, 4, 14, 25, -0.076954246, 45, 49, 11, 71, 51, 43, 45, 45, 42, 55, 1, 3, 4699
0, 0, 69, 13, -1.7030139, 32, 28, 78, 28, 50, 58, 32, 32, 39, 999999, 0, 3, 4699
2, 0, 70, 15, -2.2447147, 35, 31, 77, 25, 49, 57, 35, 35, 52, 999999, 0, 3, 4699
6, 5, 69, 28, 3.0446498, 47, 43, 69, 19, 35, 43, 47, 47, 53, 999999, 0, 3, 4699
5, 4, 13, 25, 0.23040345, 46, 50, 10, 72, 52, 44, 46, 46, 43, 56, 1, 3, 4833
4, 4, 15, 25, -3.9553642E-4, 44, 48, 12, 70, 50, 42, 44, 44, 41, 54, 1, 3, 4833
1, 4, 27, 27, 0.06579228, 34, 38, 26, 60, 36, 28, 34, 34, 73, 42, 1, 3, 4833
6, 4, 15, 25, -0.076954246, 44, 48, 12, 70, 50, 42, 44, 44, 41, 54, 1, 3, 4833
0, 0, 69, 12, -1.5511502, 31, 27, 79, 29, 51, 59, 31, 31, 48, 999999, 0, 3, 4833
2, 0, 69, 14, -2.22149, 33, 29, 77, 27, 49, 57, 33, 33, 39, 999999, 0, 3, 4833
6, 5, 68, 28, 2.7769003, 46, 42, 68, 20, 34, 42, 46, 46, 62, 999999, 0, 3, 4833
5, 4, 13, 25, 0.23040345, 46, 50, 10, 72, 52, 44, 46, 46, 43, 55, 1, 3, 4966
4, 4, 16, 25, -2.0503998E-5, 43, 47, 13, 69, 49, 41, 43, 43, 51, 53, 1, 3, 4966
1, 4, 28, 27, 0.06579228, 33, 37, 27, 59, 35, 27, 33, 33, 72, 41, 1, 3, 4966
6, 4, 15, 25, -0.076954246, 44, 48, 12, 70, 50, 42, 44, 44, 41, 54, 1, 3, 4966
0, 0, 69, 11, -2.0030508, 30, 26, 80, 30, 52, 60, 30, 30, 53, 999999, 0, 3, 4966
2, 0, 69, 13, -2.0484874, 32, 28, 78, 28, 50, 58, 32, 32, 39, 999999, 0, 3, 4966
6, 5, 68, 29, 1.8728807, 47, 43, 69, 21, 33, 41, 47, 47, 57, 999999, 0, 3, 4966
5, 4, 14, 25, 0.23040345, 45, 49, 11, 71, 51, 43, 45, 45, 42, 55, 1, 3, 5099
4, 4, 16, 25, 6.663799E-5, 43, 47, 13, 69, 49, 41, 43, 43, 51, 53, 1, 3, 5099
1, 4, 28, 27, 0.06579228, 33, 37, 27, 59, 35, 27, 33, 33, 72, 40, 1, 3, 5099
6, 4, 15, 25, -0.076954246, 44, 48, 12, 70, 50, 42, 44, 44, 41, 54, 1, 3, 5099
0, 0, 68, 11, -2.5705433, 29, 25, 79, 31, 51, 59, 29, 29, 50, 999999, 0, 3, 5099
2, 0, 69, 13, -1.7549074, 32, 28, 78, 28, 50, 58, 32, 32, 39, 999999, 0, 3, 5099
6, 5, 68, 29, 2.2524354, 47, 43, 69, 21, 33, 41, 47, 47, 57, 999999, 0, 3, 5099
0, 0, 67, 11, -2.8893647, 28, 24, 78, 32, 50, 58, 28, 28, 45, 999999, 0, 3, 5233
2, 0, 69, 12, -1.6866323, 31, 27, 79, 29, 51, 59, 31, 31, 48, 999999, 0, 3, 5233
6, 5, 67, 30, 2.3407059, 47, 43, 69, 23, 31, 39, 47, 47, 64, 999999, 0, 3, 5233
0, 0, 66, 11, -2.7856886, 27, 23, 77, 33, 49, 57, 27, 27, 51, 999999, 0, 3, 5366
2, 0, 68, 11, -2.2217598, 29, 25, 79, 31, 51, 59, 29, 29, 50, 999999, 0, 3, 5366
6, 5, 66, 31, 2.3612368, 47, 43, 69, 25, 29, 37, 47, 47, 67, 999999, 0, 3, 5366
0, 0, 66, 10, -2.675826, 28, 24, 78, 34, 50, 58, 28, 28, 55, 999999, 0, 3, 5499
2, 0, 68, 11, -2.866193, 29, 25, 79, 31, 51, 59, 29, 29, 50, 999999, 0, 3, 5499
6, 5, 66, 31, 2.3578427, 47, 43, 69, 25, 29, 37, 47, 47, 67, 999999, 0, 3, 5499
0, 0, 65, 10, -2.6502726, 27, 23, 77, 35, 49, 57, 27, 27, 56, 999999, 0, 3, 5633
2, 0, 67, 11, -3.016065, 28, 24, 78, 32, 50, 58, 28, 28, 45, 999999, 0, 3, 5633
6, 5, 65, 32, 2.3557963, 47, 43, 69, 27, 27, 35, 47, 47, 70, 999999, 0, 3, 5633
4, 4, 18, 25, 9.2744835E-5, 41, 45, 15, 67, 47, 39, 41, 41, 60, 51, 1, 3, 5766
5, 4, 16, 25, 0.23040345, 43, 47, 13, 69, 49, 41, 43, 43, 51, 54, 1, 3, 5766
6, 4, 17, 25, -0.076954246, 42, 46, 14, 68, 48, 40, 42, 42, 55, 52, 1, 3, 5766
0, 0, 65, 10, -2.448875, 27, 23, 77, 35, 49, 57, 27, 27, 56, 999999, 0, 3, 5766
2, 0, 66, 11, -2.6787317, 27, 23, 77, 33, 49, 57, 27, 27, 51, 999999, 0, 3, 5766
6, 5, 65, 32, 2.3553205, 47, 43, 69, 27, 27, 35, 47, 47, 70, 999999, 0, 3, 5766
5, 4, 16, 25, 0.23040345, 43, 47, 13, 69, 49, 41, 43, 43, 51, 53, 1, 3, 5899
4, 4, 18, 25, 9.2744835E-5, 41, 45, 15, 67, 47, 39, 41, 41, 60, 51, 1, 3, 5899
1, 4, 33, 27, 0.06579228, 28, 32, 32, 54, 30, 22, 28, 28, 45, 36, 1, 3, 5899
6, 4, 18, 25, -0.076954246, 41, 45, 15, 67, 47, 39, 41, 41, 60, 51, 1, 3, 5899
0, 0, 64, 9, -2.3719661, 27, 23, 77, 37, 49, 57, 27, 27, 57, 999999, 0, 3, 5899
2, 0, 66, 10, -2.5430186, 28, 24, 78, 34, 50, 58, 28, 28, 55, 999999, 0, 3, 5899
6, 5, 64, 33, 2.3552098, 47, 43, 69, 29, 25, 33, 47, 47, 72, 999999, 0, 3, 5899
4, 4, 19, 25, 9.2744835E-5, 40, 44, 16, 66, 46, 38, 40, 40, 64, 50, 1, 3, 6033
5, 4, 16, 25, 0.23040345, 43, 47, 13, 69, 49, 41, 43, 43, 51, 52, 1, 3, 6033
6, 4, 18, 25, -0.076954246, 41, 45, 15, 67, 47, 39, 41, 41, 60, 51, 1, 3, 6033
0, 0, 63, 8, -2.3540778, 27, 23, 77, 39, 49, 57, 27, 27, 55, 999999, 0, 3, 6033
2, 0, 65, 10, -2.5114527, 27, 23, 77, 35, 49, 57, 27, 27, 56, 999999, 0, 3, 6033
6, 5, 63, 33, 2.8798308, 46, 42, 68, 30, 24, 32, 46, 46, 72, 999999, 0, 3, 6033
4, 4, 19, 25, -0.18432122, 40, 44, 16, 66, 46, 38, 40, 40, 64, 49, 1, 3, 6166
5, 4, 17, 26, 0.23040345, 43, 47, 15, 69, 47, 39, 43, 43, 57, 51, 1, 3, 6166
6, 4, 19, 25, -0.076954246, 40, 44, 16, 66, 46, 38, 40, 40, 64, 50, 1, 3, 6166
0, 0, 63, 8, -2.352407, 27, 23, 77, 39, 49, 57, 27, 27, 55, 999999, 0, 3, 6166
2, 0, 64, 9, -2.3864427, 27, 23, 77, 37, 49, 57, 27, 27, 57, 999999, 0, 3, 6166
6, 5, 62, 33, 3.0825572, 45, 41, 67, 31, 23, 31, 45, 45, 72, 999999, 0, 3, 6166
4, 4, 20, 25, -0.25558114, 39, 43, 17, 65, 45, 37, 39, 39, 67, 48, 1, 3, 6299
5, 4, 17, 26, 0.23040345, 43, 47, 15, 69, 47, 39, 43, 43, 57, 51, 1, 3, 6299
6, 4, 19, 25, -0.076954246, 40, 44, 16, 66, 46, 38, 40, 40, 64, 49, 1, 3, 6299
0, 0, 62, 7, -2.3557818, 25, 21, 77, 41, 49, 57, 25, 25, 53, 999999, 0, 3, 6299
2, 0, 64, 8, -2.357367, 28, 24, 78, 38, 50, 58, 28, 28, 57, 999999, 0, 3, 6299
6, 5, 62, 33, 3.1283896, 45, 41, 67, 31, 23, 31, 45, 45, 72, 999999, 0, 3, 6299
4, 4, 20, 25, -0.2721562, 39, 43, 17, 65, 45, 37, 39, 39, 67, 48, 1, 3, 6433
5, 4, 18, 26, 0.23040345, 42, 46, 16, 68, 46, 38, 42, 42, 61, 50, 1, 3, 6433
6, 4, 19, 25, -0.1772415, 40, 44, 16, 66, 46, 38, 40, 40, 64, 48, 1, 3, 6433
0, 0, 62, 7, -2.3565664, 25, 21, 77, 41, 49, 57, 25, 25, 53, 999999, 0, 3, 6433
2, 0, 63, 8, -2.3506045, 27, 23, 77, 39, 49, 57, 27, 27, 55, 999999, 0, 3, 6433
6, 5, 61, 33, 3.1384132, 44, 40, 66, 32, 22, 30, 44, 44, 71, 999999, 0, 3, 6433
4, 4, 20, 24, -0.27601087, 38, 42, 18, 66, 46, 38, 38, 38, 66, 47, 1, 3, 6566
5, 4, 18, 26, 0.23040345, 42, 46, 16, 68, 46, 38, 42, 42, 61, 49, 1, 3, 6566
6, 4, 20, 24, -0.24892695, 38, 42, 18, 66, 46, 38, 38, 38, 66, 48, 1, 3, 6566
0, 0, 61, 6, -2.356749, 23, 19, 77, 43, 49, 57, 23, 23, 47, 999999, 0, 3, 6566
2, 0, 63, 7, -2.4563458, 26, 22, 78, 40, 50, 58, 26, 26, 55, 999999, 0, 3, 6566
6, 5, 60, 33, 3.1407447, 43, 39, 65, 33, 21, 29, 43, 43, 70, 999999, 0, 3, 6566
4, 4, 21, 24, -0.27690715, 37, 41, 19, 65, 45, 37, 37, 37, 70, 46, 1, 3, 6699
5, 4, 18, 26, 0.23040345, 42, 46, 16, 68, 46, 38, 42, 42, 61, 48, 1, 3, 6699
6, 4, 20, 24, -0.26560077, 38, 42, 18, 66, 46, 38, 38, 38, 66, 47, 1, 3, 6699
0, 0, 61, 6, -2.5477068, 23, 19, 77, 43, 49, 57, 23, 23, 47, 999999, 0, 3, 6699
2, 0, 62, 7, -2.5326872, 25, 21, 77, 41, 49, 57, 25, 25, 53, 999999, 0, 3, 6699
6, 5, 59, 33, 3.1413863, 42, 38, 64, 34, 20, 28, 42, 42, 67, 999999, 0, 3, 6699
5, 4, 19, 26, 0.23040345, 41, 45, 17, 67, 45, 37, 41, 41, 65, 48, 1, 3, 6833
6, 4, 20, 24, -0.26947868, 38, 42, 18, 66, 46, 38, 38, 38, 66, 46, 1, 3, 6833
0, 0, 59, 5, -2.6841834, 20, 16, 76, 46, 48, 56, 20, 20, 33, 999999, 0, 3, 6833
2, 0, 61, 6, -2.5504441, 23, 19, 77, 43, 49, 57, 23, 23, 47, 999999, 0, 3, 6833
6, 5, 58, 33, 3.1415508, 41, 37, 63, 35, 19, 27, 41, 41, 64, 999999, 0, 3, 6833
2, 0, 61, 6, -2.4899154, 23, 19, 77, 43, 49, 57, 23, 23, 47, 999999, 0, 3, 6966
6, 5, 58, 33, 3.1415508, 41, 37, 63, 35, 19, 27, 41, 41, 64, 999999, 0, 3, 6966
2, 0, 60, 6, -2.444652, 22, 18, 76, 44, 48, 56, 22, 22, 41, 999999, 0, 3, 7099
5, 5, 67, 27, 2.3053775, 44, 40, 66, 20, 34, 42, 44, 44, 67, 999999, 0, 3, 7099
2, 0, 60, 5, -2.4341242, 21, 17, 77, 45, 49, 57, 21, 21, 42, 999999, 0, 3, 7233
5, 5, 66, 27, 2.30142, 43, 39, 65, 21, 33, 41, 43, 43, 70, 999999, 0, 3, 7233
4, 4, 23, 24, -0.2771784, 35, 39, 21, 63, 43, 35, 35, 35, 74, 43, 1, 3, 7366
1, 4, 42, 26, -0.3134729, 32, 34, 40, 44, 22, 18, 32, 32, 29, 23, 1, 3, 7366
6, 4, 22, 24, -0.27065024, 36, 40, 20, 64, 44, 36, 36, 36, 72, 43, 1, 3, 7366
2, 0, 59, 5, -2.431676, 20, 16, 76, 46, 48, 56, 20, 20, 33, 999999, 0, 3, 7366
4, 4, 23, 24, -0.2771784, 35, 39, 21, 63, 43, 35, 35, 35, 74, 42, 1, 3, 7499
1, 4, 43, 26, -0.47708884, 33, 33, 41, 43, 21, 19, 33, 33, 28, 22, 1, 3, 7499
6, 4, 22, 24, -0.2706527, 36, 40, 20, 64, 44, 36, 36, 36, 72, 43, 1, 3, 7499
4, 4, 23, 24, -0.2771784, 35, 39, 21, 63, 43, 35, 35, 35, 74, 41, 1, 3, 7633
1, 4, 44, 25, -0.5938435, 33, 31, 41, 41, 21, 21, 33, 33, 31, 21, 1, 3, 7633
6, 4, 23, 24, -0.2706533, 35, 39, 21, 63, 43, 35, 35, 35, 74, 42, 1, 3, 7633
5, 7, 65, 27, -2.8184707, 42, 38, 64, 22, 32, 40, 42, 42, 72, 21, 1, 3, 7633
1, 4, 44, 25, -0.6173789, 33, 31, 41, 41, 21, 21, 33, 33, 31, 20, 1, 3, 7766
6, 4, 23, 24, -0.2706533, 35, 39, 21, 63, 43, 35, 35, 35, 74, 41, 1, 3, 7766
1, 4, 44, 25, -0.6173789, 33, 31, 41, 41, 21, 21, 33, 33, 31, 20, 1, 3, 7899
1, 4, 45, 24, -0.6173789, 35, 31, 43, 41, 21, 23, 35, 35, 29, 19, 1, 3, 8033
0, 0, 59, 5, -3.0380628, 20, 16, 76, 46, 48, 56, 20, 20, 33, 999999, 0, 3, 8033
0, 4, 41, 10, -1.4134536, 3, 7, 53, 59, 47, 43, 3, 3, 28, 999999, 0, 3, 8166
0, 0, 59, 5, -2.6239047, 20, 16, 76, 46, 48, 56, 20, 20, 33, 999999, 0, 3, 8166
0, 7, 59, 5, -2.6239047, 20, 16, 76, 46, 48, 56, 20, 20, 33, 999999, 0, 3, 8166
6, 7, 56, 33, 3.1415508, 39, 35, 61, 37, 17, 25, 39, 39, 57, 999999, 0, 3, 8166
0, 4, 41, 9, -1.4134536, 2, 6, 54, 60, 48, 44, 2, 2, 28, 999999, 0, 3, 8299
0, 0, 59, 4, -2.5275874, 21, 17, 77, 47, 49, 57, 21, 21, 36, 999999, 0, 3, 8299
0, 7, 59, 4, -2.5275874, 21, 17, 77, 47, 49, 57, 21, 21, 36, 999999, 0, 3, 8299
6, 7, 56, 33, -1.7240484, 39, 35, 61, 37, 17, 25, 39, 39, 57, 999999, 0, 3, 8299
0, 4, 41, 9, -1.4134536, 2, 6, 54, 60, 48, 44, 2, 2, 28, 999999, 0, 3, 8433
2, 0, 57, 5, -2.901396, 18, 14, 74, 48, 46, 54, 18, 18, 21, 999999, 0, 3, 8433
2, 7, 57, 5, -2.901396, 18, 14, 74, 48, 46, 54, 18, 18, 21, 999999, 0, 3, 8433
0, 0, 58, 4, -2.5051842, 20, 16, 76, 48, 48, 56, 20, 20, 31, 999999, 0, 3, 8433
0, 7, 58, 4, -2.5051842, 20, 16, 76, 48, 48, 56, 20, 20, 31, 999999, 0, 3, 8433
6, 7, 56, 33, -1.1762589, 39, 35, 61, 37, 17, 25, 39, 39, 57, 999999, 0, 3, 8433
0, 4, 41, 9, -1.4134536, 2, 6, 54, 60, 48, 44, 2, 2, 28, 999999, 0, 3, 8566
2, 0, 57, 5, -1.8734177, 18, 14, 74, 48, 46, 54, 18, 18, 21, 999999, 0, 3, 8566
2, 7, 57, 5, -1.8734177, 18, 14, 74, 48, 46, 54, 18, 18, 21, 999999, 0, 3, 8566
0, 0, 58, 4, -2.4999738, 20, 16, 76, 48, 48, 56, 20, 20, 31, 999999, 0, 3, 8566
0, 7, 58, 4, -2.4999738, 20, 16, 76, 48, 48, 56, 20, 20, 31, 999999, 0, 3, 8566
0, 4, 41, 9, -1.4134536, 2, 6, 54, 60, 48, 44, 2, 2, 28, 999999, 0, 3, 8700
2, 0, 57, 4, -1.7956934, 19, 15, 75, 49, 47, 55, 19, 19, 28, 999999, 0, 3, 8700
2, 7, 57, 4, -1.7956934, 19, 15, 75, 49, 47, 55, 19, 19, 28, 999999, 0, 3, 8700
0, 0, 58, 4, -2.4987621, 20, 16, 76, 48, 48, 56, 20, 20, 31, 999999, 0, 3, 8700
0, 7, 58, 4, -2.4987621, 20, 16, 76, 48, 48, 56, 20, 20, 31, 999999, 0, 3, 8700
0, 4, 41, 9, -1.4134536, 2, 6, 54, 60, 48, 44, 2, 2, 28, 999999, 0, 3, 8833
2, 0, 57, 4, -1.7776148, 19, 15, 75, 49, 47, 55, 19, 19, 28, 999999, 0, 3, 8833
2, 7, 57, 4, -1.7776148, 19, 15, 75, 49, 47, 55, 19, 19, 28, 999999, 0, 3, 8833
0, 0, 57, 3, -2.4984803, 20, 16, 76, 50, 48, 56, 20, 20, 29, 999999, 0, 3, 8833
0, 7, 57, 3, -2.4984803, 20, 16, 76, 50, 48, 56, 20, 20, 29, 999999, 0, 3, 8833
5, 5, 64, 26, 3.0111952, 40, 36, 62, 22, 32, 40, 40, 40, 74, 29, 1, 3, 8833
2, 0, 57, 4, -2.6466355, 19, 15, 75, 49, 47, 55, 19, 19, 28, 999999, 0, 3, 8966
2, 7, 57, 4, -2.6466355, 19, 15, 75, 49, 47, 55, 19, 19, 28, 999999, 0, 3, 8966
0, 0, 57, 4, 2.9568927, 19, 15, 75, 49, 47, 55, 19, 19, 28, 999999, 0, 3, 8966
0, 7, 57, 4, 2.9568927, 19, 15, 75, 49, 47, 55, 19, 19, 28, 999999, 0, 3, 8966
5, 5, 64, 27, 2.6788805, 41, 37, 63, 23, 31, 39, 41, 41, 74, 999999, 0, 3, 8966
2, 0, 56, 4, 3.0133278, 18, 14, 74, 50, 46, 54, 18, 18, 25, 999999, 0, 3, 9100
2, 7, 56, 4, 3.0133278, 18, 14, 74, 50, 46, 54, 18, 18, 25, 999999, 0, 3, 9100
0, 0, 57, 4, 2.764373, 19, 15, 75, 49, 47, 55, 19, 19, 28, 999999, 0, 3, 9100
0, 7, 57, 4, 2.764373, 19, 15, 75, 49, 47, 55, 19, 19, 28, 999999, 0, 3, 9100
5, 5, 64, 27, 2.6015973, 41, 37, 63, 23, 31, 39, 41, 41, 74, 999999, 0, 3, 9100
2, 0, 56, 4, 2.868389, 18, 14, 74, 50, 46, 54, 18, 18, 25, 999999, 0, 3, 9233
2, 7, 56, 4, 2.868389, 18, 14, 74, 50, 46, 54, 18, 18, 25, 999999, 0, 3, 9233
0, 0, 56, 4, 2.7195969, 18, 14, 74, 50, 46, 54, 18, 18, 25, 999999, 0, 3, 9233
0, 7, 56, 4, 2.7195969, 18, 14, 74, 50, 46, 54, 18, 18, 25, 999999, 0, 3, 9233
5, 5, 63, 27, 2.5836213, 40, 36, 62, 24, 30, 38, 40, 40, 74, 999999, 0, 3, 9233
2, 0, 56, 4, 2.8346784, 18, 14, 74, 50, 46, 54, 18, 18, 25, 999999, 0, 3, 9366
0, 0, 56, 4, 2.7091825, 18, 14, 74, 50, 46, 54, 18, 18, 25, 999999, 0, 3, 9366
5, 5, 63, 27, 2.5794408, 40, 36, 62, 24, 30, 38, 40, 40, 74, 999999, 0, 3, 9366
2, 0, 55, 4, 2.8268383, 17, 13, 73, 51, 45, 53, 17, 17, 24, 999999, 0, 3, 9500
0, 0, 55, 4, 2.7067604, 17, 13, 73, 51, 45, 53, 17, 17, 24, 999999, 0, 3, 9500
5, 5, 63, 27, 2.5784683, 40, 36, 62, 24, 30, 38, 40, 40, 74, 999999, 0, 3, 9500
1, 4, 46, 24, -0.12609205, 34, 30, 44, 40, 20, 24, 34, 34, 25, 16, 1, 3, 9633
2, 0, 55, 5, 2.8250146, 16, 12, 72, 50, 44, 52, 16, 16, 22, 999999, 0, 3, 9633
0, 0, 55, 4, 2.706197, 17, 13, 73, 51, 45, 53, 17, 17, 24, 999999, 0, 3, 9633
1, 4, 46, 24, -0.44751605, 34, 30, 44, 40, 20, 24, 34, 34, 25, 16, 1, 3, 9766
2, 0, 54, 5, 2.8245904, 15, 11, 71, 51, 43, 51, 15, 15, 25, 999999, 0, 3, 9766
0, 0, 55, 5, 2.7060661, 16, 12, 72, 50, 44, 52, 16, 16, 22, 999999, 0, 3, 9766
6, 7, 56, 29, -1.9116936, 35, 31, 57, 33, 21, 29, 35, 35, 56, 999999, 0, 3, 9766
5, 7, 62, 28, 2.8460572, 40, 36, 62, 26, 28, 36, 40, 40, 74, 16, 1, 3, 9766
2, 0, 54, 5, 2.784375, 15, 11, 71, 51, 43, 51, 15, 15, 25, 999999, 0, 3, 9900
0, 0, 54, 5, 2.7060359, 15, 11, 71, 51, 43, 51, 15, 15, 25, 999999, 0, 3, 9900
5, 7, 62, 28, 3.0375192, 40, 36, 62, 26, 28, 36, 40, 40, 74, 999999, 0, 3, 9900
2, 0, 54, 5, 2.7143836, 15, 11, 71, 51, 43, 51, 15, 15, 25, 999999, 0, 3, 10033
0, 0, 54, 5, 2.6571648, 15, 11, 71, 51, 43, 51, 15, 15, 25, 999999, 0, 3, 10033
6, 7, 56, 28, -1.9118878, 34, 30, 56, 32, 22, 30, 34, 34, 61, 999999, 0, 3, 10033
5, 7, 61, 28, 3.0820491, 39, 35, 61, 27, 27, 35, 39, 39, 73, 999999, 0, 3, 10033
2, 0, 53, 5, 2.698104, 14, 10, 70, 52, 42, 50, 14, 14, 24, 999999, 0, 3, 10166
0, 0, 54, 5, 2.6457977, 15, 11, 71, 51, 43, 51, 15, 15, 25, 999999, 0, 3, 10166
5, 7, 61, 28, 3.0924063, 39, 35, 61, 27, 27, 35, 39, 39, 73, 999999, 0, 3, 10166
2, 0, 53, 5, 2.6943176, 14, 10, 70, 52, 42, 50, 14, 14, 24, 999999, 0, 3, 10300
0, 0, 53, 5, 2.6431544, 14, 10, 70, 52, 42, 50, 14, 14, 24, 999999, 0, 3, 10300
5, 5, 61, 28, 3.0948153, 39, 35, 61, 27, 27, 35, 39, 39, 73, 999999, 0, 3, 10300
0, 0, 53, 6, 2.6425395, 13, 9, 69, 51, 41, 49, 13, 13, 27, 999999, 0, 3, 10433
2, 0, 53, 5, 2.693437, 14, 10, 70, 52, 42, 50, 14, 14, 24, 999999, 0, 3, 10433
5, 5, 60, 28, 3.116943, 38, 34, 60, 28, 26, 34, 38, 38, 72, 999999, 0, 3, 10433
2, 0, 52, 6, 2.6932325, 12, 8, 68, 52, 42, 50, 12, 12, 27, 999999, 0, 3, 10566
5, 5, 60, 28, 3.132491, 38, 34, 60, 28, 26, 34, 38, 38, 72, 999999, 0, 3, 10566
2, 0, 52, 6, 1.9761297, 12, 8, 68, 52, 42, 50, 12, 12, 27, 999999, 0, 3, 10700
5, 5, 59, 28, 3.136107, 37, 33, 59, 29, 25, 33, 37, 37, 71, 999999, 0, 3, 10700
1, 4, 45, 24, -1.3690194, 35, 31, 43, 41, 21, 23, 35, 35, 29, 999999, 0, 3, 10833
2, 0, 52, 6, 1.4635526, 12, 8, 68, 52, 42, 50, 12, 12, 27, 999999, 0, 3, 10833
1, 4, 45, 24, -1.3690194, 35, 31, 43, 41, 21, 23, 35, 35, 29, 999999, 0, 3, 10966
2, 0, 52, 7, 1.3443459, 11, 7, 67, 51, 41, 49, 11, 11, 32, 999999, 0, 3, 10966
3, 4, 34, 17, 0.036029447, 17, 21, 39, 59, 39, 31, 17, 17, 56, 21, 1, 3, 11100
1, 4, 45, 24, -1.440394, 35, 31, 43, 41, 21, 23, 35, 35, 29, 999999, 0, 3, 11100
0, 4, 41, 9, -0.8127965, 2, 6, 54, 60, 48, 44, 2, 2, 28, 999999, 0, 3, 11233
3, 4, 34, 17, 0.036029447, 17, 21, 39, 59, 39, 31, 17, 17, 56, 20, 1, 3, 11233
1, 4, 45, 24, -1.4997641, 35, 31, 43, 41, 21, 23, 35, 35, 29, 999999, 0, 3, 11233
0, 4, 41, 9, -0.8127965, 2, 6, 54, 60, 48, 44, 2, 2, 28, 999999, 0, 3, 11366
3, 4, 35, 18, 0.036029447, 17, 21, 39, 57, 37, 29, 17, 17, 54, 20, 1, 3, 11366
1, 4, 46, 24, -1.5379019, 34, 30, 44, 40, 20, 24, 34, 34, 25, 999999, 0, 3, 11366
0, 4, 41, 9, -0.8127965, 2, 6, 54, 60, 48, 44, 2, 2, 28, 999999, 0, 3, 11500
1, 4, 46, 25, -1.5654768, 33, 29, 43, 39, 19, 23, 33, 33, 30, 999999, 0, 3, 11500
0, 0, 52, 6, 2.642443, 12, 8, 68, 52, 42, 50, 12, 12, 27, 999999, 0, 3, 11500
0, 7, 52, 6, 2.642443, 12, 8, 68, 52, 42, 50, 12, 12, 27, 999999, 0, 3, 11500
0, 4, 41, 9, -0.8127965, 2, 6, 54, 60, 48, 44, 2, 2, 28, 999999, 0, 3, 11633
5, 4, 33, 27, 0.04328267, 28, 32, 32, 54, 30, 22, 28, 28, 45, 21, 1, 3, 11633
0, 0, 52, 6, 2.7579234, 12, 8, 68, 52, 42, 50, 12, 12, 27, 999999, 0, 3, 11633
0, 7, 52, 6, 2.7579234, 12, 8, 68, 52, 42, 50, 12, 12, 27, 999999, 0, 3, 11633
5, 5, 59, 28, -3.0210426, 37, 33, 59, 29, 25, 33, 37, 37, 71, 999999, 0, 3, 11633
0, 4, 41, 9, -0.8127965, 2, 6, 54, 60, 48, 44, 2, 2, 28, 999999, 0, 3, 11766
5, 4, 34, 27, 0.04328267, 27, 31, 33, 53, 29, 21, 27, 27, 45, 20, 1, 3, 11766
0, 0, 52, 6, 2.8598683, 12, 8, 68, 52, 42, 50, 12, 12, 27, 11, 1, 3, 11766
0, 7, 52, 6, 2.8598683, 12, 8, 68, 52, 42, 50, 12, 12, 27, 11, 1, 3, 11766
0, 4, 41, 9, -0.8127965, 2, 6, 54, 60, 48, 44, 2, 2, 28, 999999, 0, 3, 11900
5, 4, 34, 27, 0.04328267, 27, 31, 33, 53, 29, 21, 27, 27, 45, 20, 1, 3, 11900
2, 0, 52, 7, 1.9031831, 11, 7, 67, 51, 41, 49, 11, 11, 32, 999999, 0, 3, 12033
0, 0, 52, 7, 2.750829, 11, 7, 67, 51, 41, 49, 11, 11, 32, 999999, 0, 3, 12033
2, 0, 52, 7, 2.5077932, 11, 7, 67, 51, 41, 49, 11, 11, 32, 999999, 0, 3, 12166
0, 0, 52, 7, 2.8848279, 11, 7, 67, 51, 41, 49, 11, 11, 32, 999999, 0, 3, 12166
2, 0, 51, 7, 2.8141603, 10, 6, 66, 52, 42, 50, 10, 10, 31, 999999, 0, 3, 12300
0, 0, 52, 7, 2.95917, 11, 7, 67, 51, 41, 49, 11, 11, 32, 999999, 0, 3, 12300
2, 0, 51, 8, 2.978162, 9, 5, 65, 51, 41, 49, 9, 9, 34, 999999, 0, 3, 12433
0, 0, 51, 7, 3.0067594, 10, 6, 66, 52, 42, 50, 10, 10, 31, 999999, 0, 3, 12433
2, 0, 51, 8, 3.0751615, 9, 5, 65, 51, 41, 49, 9, 9, 34, 999999, 0, 3, 12566
0, 0, 51, 7, 3.0440655, 10, 6, 66, 52, 42, 50, 10, 10, 31, 999999, 0, 3, 12566
2, 0, 50, 8, -3.1414661, 8, 4, 64, 52, 42, 50, 8, 8, 32, 999999, 0, 3, 12700
0, 0, 51, 7, 3.0779297, 10, 6, 66, 52, 42, 50, 10, 10, 31, 999999, 0, 3, 12700
5, 5, 58, 28, -3.0838618, 36, 32, 58, 30, 24, 32, 36, 36, 69, 999999, 0, 3, 12700
2, 0, 50, 8, -3.0874844, 8, 4, 64, 52, 42, 50, 8, 8, 32, 999999, 0, 3, 12833
0, 0, 51, 8, 3.1118703, 9, 5, 65, 51, 41, 49, 9, 9, 34, 999999, 0, 3, 12833
5, 5, 58, 28, 2.505061, 36, 32, 58, 30, 24, 32, 36, 36, 69, 999999, 0, 3, 12833
2, 0, 50, 8, -3.0371847, 8, 4, 64, 52, 42, 50, 8, 8, 32, 999999, 0, 3, 12966
0, 0, 50, 8, -3.135346, 8, 4, 64, 52, 42, 50, 8, 8, 32, 999999, 0, 3, 12966
5, 5, 58, 28, 2.2436907, 36, 32, 58, 30, 24, 32, 36, 36, 69, 999999, 0, 3, 12966
2, 0, 50, 8, -2.9860036, 8, 4, 64, 52, 42, 50, 8, 8, 32, 999999, 0, 3, 13100
0, 0, 50, 8, -3.0969691, 8, 4, 64, 52, 42, 50, 8, 8, 32, 999999, 0, 3, 13100
5, 5, 58, 28, 2.1829062, 36, 32, 58, 30, 24, 32, 36, 36, 69, 999999, 0, 3, 13100
2, 0, 49, 9, -2.9314501, 8, 4, 62, 52, 42, 50, 8, 8, 22, 999999, 0, 3, 13233
0, 0, 50, 8, -3.0576284, 8, 4, 64, 52, 42, 50, 8, 8, 32, 999999, 0, 3, 13233
5, 5, 58, 29, 2.168768, 37, 33, 59, 31, 23, 31, 37, 37, 66, 999999, 0, 3, 13233
3, 4, 40, 18, 0.21732597, 12, 16, 44, 52, 40, 34, 12, 12, 40, 11, 1, 3, 13366
0, 0, 49, 8, -3.0151799, 7, 3, 63, 53, 43, 51, 7, 7, 28, 999999, 0, 3, 13366
2, 0, 49, 9, -2.8720393, 8, 4, 62, 52, 42, 50, 8, 8, 22, 999999, 0, 3, 13366
5, 5, 57, 30, 2.1654797, 37, 33, 59, 33, 21, 29, 37, 37, 60, 999999, 0, 3, 13366
3, 4, 40, 18, 0.21477847, 12, 16, 44, 52, 40, 34, 12, 12, 40, 11, 1, 3, 13500
4, 4, 40, 19, 0.099293225, 13, 17, 43, 51, 39, 33, 13, 13, 39, 11, 1, 3, 13500
6, 4, 39, 19, 0.094849706, 14, 18, 42, 52, 40, 32, 14, 14, 37, 12, 1, 3, 13500
0, 0, 49, 8, -2.967922, 7, 3, 63, 53, 43, 51, 7, 7, 28, 999999, 0, 3, 13500
2, 0, 49, 9, -2.8207579, 8, 4, 62, 52, 42, 50, 8, 8, 22, 999999, 0, 3, 13500
5, 5, 57, 30, 1.9674556, 37, 33, 59, 33, 21, 29, 37, 37, 60, 999999, 0, 3, 13500
3, 4, 40, 18, 0.21333434, 12, 16, 44, 52, 40, 34, 12, 12, 40, 11, 1, 3, 13633
4, 4, 40, 19, 0.0971712, 13, 17, 43, 51, 39, 33, 13, 13, 39, 11, 1, 3, 13633
6, 4, 39, 19, 0.09298222, 14, 18, 42, 52, 40, 32, 14, 14, 37, 12, 1, 3, 13633
2, 0, 48, 9, -2.776732, 7, 3, 61, 53, 43, 51, 7, 7, 25, 999999, 0, 3, 13633
0, 0, 49, 9, -2.9144595, 8, 4, 62, 52, 42, 50, 8, 8, 22, 999999, 0, 3, 13633
5, 5, 57, 31, 1.9213988, 38, 34, 60, 34, 20, 28, 38, 38, 58, 999999, 0, 3, 13633
3, 4, 40, 18, 0.21351917, 12, 16, 44, 52, 40, 34, 12, 12, 40, 11, 1, 3, 13766
4, 4, 40, 19, 0.09837177, 13, 17, 43, 51, 39, 33, 13, 13, 39, 11, 1, 3, 13766
6, 4, 39, 19, 0.09422722, 14, 18, 42, 52, 40, 32, 14, 14, 37, 12, 1, 3, 13766
2, 0, 48, 9, -2.7324302, 7, 3, 61, 53, 43, 51, 7, 7, 25, 999999, 0, 3, 13766
0, 0, 48, 9, -2.8534698, 7, 3, 61, 53, 43, 51, 7, 7, 25, 999999, 0, 3, 13766
5, 5, 56, 31, 1.9106867, 37, 33, 59, 35, 19, 27, 37, 37, 50, 999999, 0, 3, 13766
3, 4, 41, 18, 0.21361183, 11, 15, 45, 51, 39, 35, 11, 11, 37, 11, 1, 3, 13900
4, 4, 40, 19, 0.0988719, 13, 17, 43, 51, 39, 33, 13, 13, 39, 11, 1, 3, 13900
6, 4, 40, 19, 0.09512668, 13, 17, 43, 51, 39, 33, 13, 13, 39, 12, 1, 3, 13900
2, 0, 48, 9, -2.6831164, 7, 3, 61, 53, 43, 51, 7, 7, 25, 999999, 0, 3, 13900
0, 0, 48, 9, -2.7836523, 7, 3, 61, 53, 43, 51, 7, 7, 25, 999999, 0, 3, 13900
5, 5, 56, 32, 1.9081954, 38, 34, 60, 36, 18, 26, 38, 38, 53, 999999, 0, 3, 13900
2, 0, 47, 9, -2.6250021, 6, 2, 60, 54, 42, 50, 6, 6, 28, 999999, 0, 3, 14033
0, 0, 48, 9, -2.712418, 7, 3, 61, 53, 43, 51, 7, 7, 25, 999999, 0, 3, 14033
5, 5, 56, 33, 1.907616, 39, 35, 61, 37, 17, 25, 39, 39, 57, 999999, 0, 3, 14033
1, 0, 46, 9, 2.3705053, 5, 1, 59, 55, 43, 49, 5, 5, 28, 999999, 0, 3, 14166
1, 7, 46, 9, 2.3705053, 5, 1, 59, 55, 43, 49, 5, 5, 28, 999999, 0, 3, 14166
2, 0, 47, 9, -2.5542264, 6, 2, 60, 54, 42, 50, 6, 6, 28, 999999, 0, 3, 14166
5, 5, 55, 34, 1.9074813, 41, 37, 61, 39, 15, 23, 41, 41, 52, 999999, 0, 3, 14166
2, 0, 47, 9, -2.4726412, 6, 2, 60, 54, 42, 50, 6, 6, 28, 999999, 0, 3, 14300
5, 5, 55, 34, 2.546967, 41, 37, 61, 39, 15, 23, 41, 41, 52, 999999, 0, 3, 14300
2, 0, 46, 9, -2.3746426, 5, 1, 59, 55, 43, 49, 5, 5, 28, 999999, 0, 3, 14433
2, 0, 46, 9, -2.24949, 5, 1, 59, 55, 43, 49, 5, 5, 28, 999999, 0, 3, 14566
4, 0, 44, 9, -2.7975776, 3, 3, 57, 57, 45, 47, 3, 3, 32, 999999, 0, 3, 14700
5, 5, 54, 33, 2.546967, 39, 35, 59, 39, 15, 23, 39, 39, 39, 999999, 0, 3, 14966
5, 4, 44, 26, -0.00537553, 34, 32, 42, 42, 20, 20, 34, 34, 28, 999999, 0, 3, 15233
3, 2, 43, 8, -2.9009762, 1, 3, 57, 59, 47, 47, 1, 1, 31, 999999, 0, 3, 15233
1, 3, 45, 9, 2.3445623, 4, 2, 58, 56, 44, 48, 4, 4, 31, 999999, 0, 3, 15233
0, 0, 47, 9, 2.3646197, 6, 2, 60, 54, 42, 50, 6, 6, 28, 17, 1, 3, 15233
5, 4, 44, 26, -0.00537553, 34, 32, 42, 42, 20, 20, 34, 34, 28, 999999, 0, 3, 15366
1, 3, 45, 9, 2.2464929, 4, 2, 58, 56, 44, 48, 4, 4, 31, 999999, 0, 3, 15366
0, 0, 47, 9, 1.9413166, 6, 2, 60, 54, 42, 50, 6, 6, 28, 17, 1, 3, 15366
5, 4, 44, 26, -0.00537553, 34, 32, 42, 42, 20, 20, 34, 34, 28, 999999, 0, 3, 15500
1, 3, 45, 9, 2.2114475, 4, 2, 58, 56, 44, 48, 4, 4, 31, 999999, 0, 3, 15500
0, 0, 47, 10, 1.8428731, 7, 3, 59, 53, 41, 49, 7, 7, 27, 16, 1, 3, 15500
5, 4, 44, 26, -0.00537553, 34, 32, 42, 42, 20, 20, 34, 34, 28, 999999, 0, 3, 15633
1, 3, 45, 10, 2.203297, 5, 3, 57, 55, 43, 47, 5, 5, 33, 999999, 0, 3, 15633
0, 0, 47, 10, 1.6257511, 7, 3, 59, 53, 41, 49, 7, 7, 27, 16, 1, 3, 15633
5, 4, 44, 26, -0.00537553, 34, 32, 42, 42, 20, 20, 34, 34, 28, 999999, 0, 3, 15766
4, 1, 44, 8, -2.7603345, 2, 2, 58, 58, 46, 48, 2, 2, 31, 999999, 0, 3, 15766
1, 3, 45, 10, 2.201401, 5, 3, 57, 55, 43, 47, 5, 5, 33, 999999, 0, 3, 15766
0, 0, 47, 10, 1.5752546, 7, 3, 59, 53, 41, 49, 7, 7, 27, 15, 1, 3, 15766
2, 1, 46, 9, -2.3392239, 5, 1, 59, 55, 43, 49, 5, 5, 28, 999999, 0, 3, 15766
5, 4, 44, 26, -0.00537553, 34, 32, 42, 42, 20, 20, 34, 34, 28, 999999, 0, 3, 15900
4, 1, 44, 9, -1.6051612, 3, 3, 57, 57, 45, 47, 3, 3, 32, 999999, 0, 3, 15900
1, 1, 44, 10, 2.2009602, 4, 4, 56, 56, 44, 46, 4, 4, 34, 999999, 0, 3, 15900
0, 3, 47, 11, 1.5635097, 8, 4, 58, 52, 40, 48, 8, 8, 21, 15, 1, 3, 15900
2, 0, 46, 9, -2.215015, 5, 1, 59, 55, 43, 49, 5, 5, 28, 999999, 0, 3, 15900
5, 4, 44, 26, -0.00537553, 34, 32, 42, 42, 20, 20, 34, 34, 28, 999999, 0, 3, 16033
1, 0, 44, 11, 2.3252308, 5, 5, 55, 55, 43, 45, 5, 5, 34, 999999, 0, 3, 16033
5, 4, 44, 26, -0.00537553, 34, 32, 42, 42, 20, 20, 34, 34, 28, 999999, 0, 3, 16166
4, 2, 43, 9, -0.71521163, 2, 4, 56, 58, 46, 46, 2, 2, 32, 999999, 0, 3, 16166
2, 1, 45, 8, -2.74202, 3, 1, 59, 57, 45, 49, 3, 3, 30, 999999, 0, 3, 16166
1, 3, 43, 11, 2.3732686, 4, 6, 54, 56, 44, 44, 4, 4, 34, 999999, 0, 3, 16166
5, 4, 44, 26, -0.00537553, 34, 32, 42, 42, 20, 20, 34, 34, 28, 999999, 0, 3, 16300
6, 4, 40, 18, -1.2727361, 12, 16, 44, 52, 40, 34, 12, 12, 40, 6, 1, 3, 16300
2, 1, 45, 8, 3.14056, 3, 1, 59, 57, 45, 49, 3, 3, 30, 999999, 0, 3, 16300
5, 4, 44, 26, -0.00537553, 34, 32, 42, 42, 20, 20, 34, 34, 28, 999999, 0, 3, 16433
6, 4, 40, 18, -1.2620201, 12, 16, 44, 52, 40, 34, 12, 12, 40, 6, 1, 3, 16433
2, 3, 44, 8, 3.0473948, 2, 2, 58, 58, 46, 48, 2, 2, 31, 999999, 0, 3, 16433
5, 4, 44, 26, -0.00537553, 34, 32, 42, 42, 20, 20, 34, 34, 28, 999999, 0, 3, 16566
6, 4, 40, 18, -1.2533637, 12, 16, 44, 52, 40, 34, 12, 12, 40, 6, 1, 3, 16566
2, 3, 44, 8, 3.025725, 2, 2, 58, 58, 46, 48, 2, 2, 31, 999999, 0, 3, 16566
5, 4, 44, 26, -0.00537553, 34, 32, 42, 42, 20, 20, 34, 34, 28, 999999, 0, 3, 16700
6, 4, 40, 18, -1.2474744, 12, 16, 44, 52, 40, 34, 12, 12, 40, 5, 1, 3, 16700
2, 1, 43, 8, 3.020685, 1, 3, 57, 59, 47, 47, 1, 1, 31, 999999, 0, 3, 16700
6, 4, 40, 18, -1.2440989, 12, 16, 44, 52, 40, 34, 12, 12, 40, 5, 1, 3, 16833
0, 3, 47, 12, 1.710823, 9, 5, 57, 51, 39, 47, 9, 9, 21, 999999, 0, 3, 16833
6, 4, 40, 18, -1.2435011, 12, 16, 44, 52, 40, 34, 12, 12, 40, 5, 1, 3, 16966
0, 3, 47, 12, 1.7914186, 9, 5, 57, 51, 39, 47, 9, 9, 21, 999999, 0, 3, 16966
6, 4, 40, 18, -1.2430128, 12, 16, 44, 52, 40, 34, 12, 12, 40, 5, 1, 3, 17100
0, 3, 47, 12, 1.8101649, 9, 5, 57, 51, 39, 47, 9, 9, 21, 999999, 0, 3, 17100
5, 0, 54, 33, 2.7925253, 39, 35, 59, 39, 15, 23, 39, 39, 39, 999999, 0, 3, 17100
6, 4, 40, 18, -1.2430128, 12, 16, 44, 52, 40, 34, 12, 12, 40, 5, 1, 3, 17233
0, 3, 47, 13, 1.8145249, 10, 6, 56, 50, 38, 46, 10, 10, 28, 999999, 0, 3, 17233
5, 0, 54, 33, 2.7925253, 39, 35, 59, 39, 15, 23, 39, 39, 39, 999999, 0, 3, 17233
6, 4, 40, 18, -1.2430128, 12, 16, 44, 52, 40, 34, 12, 12, 40, 5, 1, 3, 17366
0, 3, 47, 13, 1.8155389, 10, 6, 56, 50, 38, 46, 10, 10, 28, 999999, 0, 3, 17366
5, 0, 54, 33, 2.7925253, 39, 35, 59, 39, 15, 23, 39, 39, 39, 999999, 0, 3, 17366
1, 1, 42, 12, 1.9829248, 4, 8, 52, 56, 44, 42, 4, 4, 28, 999999, 0, 3, 17500
2, 1, 43, 8, 1.875735, 1, 3, 57, 59, 47, 47, 1, 1, 31, 999999, 0, 3, 17500
0, 3, 47, 14, 1.8157747, 11, 7, 55, 49, 37, 45, 11, 11, 33, 999999, 0, 3, 17500
5, 0, 54, 33, 2.7925253, 39, 35, 59, 39, 15, 23, 39, 39, 39, 999999, 0, 3, 17500
2, 1, 43, 8, 3.095065, 1, 3, 57, 59, 47, 47, 1, 1, 31, 999999, 0, 3, 17633
1, 1, 42, 12, 2.272467, 4, 8, 52, 56, 44, 42, 4, 4, 28, 999999, 0, 3, 17633
0, 3, 47, 14, 1.8158295, 11, 7, 55, 49, 37, 45, 11, 11, 33, 999999, 0, 3, 17633
5, 0, 54, 33, 2.7925253, 39, 35, 59, 39, 15, 23, 39, 39, 39, 999999, 0, 3, 17633
2, 1, 42, 8, -2.8519492, 0, 4, 56, 60, 48, 46, 0, 0, 30, 999999, 0, 3, 17766
1, 1, 42, 12, 2.3367376, 4, 8, 52, 56, 44, 42, 4, 4, 28, 999999, 0, 3, 17766
5, 0, 54, 33, 2.7925253, 39, 35, 59, 39, 15, 23, 39, 39, 39, 999999, 0, 3, 17766
2, 1, 42, 8, -2.6438394, 0, 4, 56, 60, 48, 46, 0, 0, 30, 999999, 0, 3, 17900
5, 0, 54, 33, 2.7925253, 39, 35, 59, 39, 15, 23, 39, 39, 39, 999999, 0, 3, 17900
5, 0, 54, 33, 2.7925253, 39, 35, 59, 39, 15, 23, 39, 39, 39, 999999, 0, 3, 18033
5, 0, 54, 33, 2.7925253, 39, 35, 59, 39, 15, 23, 39, 39, 39, 999999, 0, 3, 18166
5, 0, 54, 33, 2.7925253, 39, 35, 59, 39, 15, 23, 39, 39, 39, 999999, 0, 3, 18300
5, 0, 54, 33, 2.7925253, 39, 35, 59, 39, 15, 23, 39, 39, 39, 999999, 0, 3, 18433
4, 2, 43, 9, 1.2793828, 2, 4, 56, 58, 46, 46, 2, 2, 32, 999999, 0, 3, 18566
2, 1, 42, 8, 3.0924227, 0, 4, 56, 60, 48, 46, 0, 0, 30, 999999, 0, 3, 18566
5, 0, 54, 33, 2.7925253, 39, 35, 59, 39, 15, 23, 39, 39, 39, 999999, 0, 3, 18566
4, 2, 43, 9, 0.3996098, 2, 4, 56, 58, 46, 46, 2, 2, 32, 999999, 0, 3, 18700
2, 1, 42, 8, 2.7014704, 0, 4, 56, 60, 48, 46, 0, 0, 30, 999999, 0, 3, 18700
0, 3, 46, 14, 1.8158381, 10, 6, 54, 50, 38, 44, 10, 10, 30, 999999, 0, 3, 18700
4, 2, 43, 9, 0.15056682, 2, 4, 56, 58, 46, 46, 2, 2, 32, 999999, 0, 3, 18833
2, 1, 42, 8, 2.6105497, 0, 4, 56, 60, 48, 46, 0, 0, 30, 999999, 0, 3, 18833
1, 1, 42, 12, 2.3468232, 4, 8, 52, 56, 44, 42, 4, 4, 28, 999999, 0, 3, 18833
0, 3, 47, 14, 1.6336912, 11, 7, 55, 49, 37, 45, 11, 11, 33, 999999, 0, 3, 18833
4, 2, 44, 9, 0.085812524, 3, 3, 57, 57, 45, 47, 3, 3, 32, 999999, 0, 3, 18966
2, 1, 41, 8, 2.5894024, 1, 5, 55, 61, 49, 45, 1, 1, 29, 999999, 0, 3, 18966
1, 1, 42, 12, -2.847495, 4, 8, 52, 56, 44, 42, 4, 4, 28, 999999, 0, 3, 18966
0, 3, 46, 15, 1.7754511, 11, 7, 53, 49, 37, 43, 11, 11, 30, 999999, 0, 3, 18966
4, 2, 45, 9, 0.07075114, 4, 2, 58, 56, 44, 48, 4, 4, 31, 999999, 0, 3, 19100
2, 1, 41, 9, 2.5844839, 2, 6, 54, 60, 48, 44, 2, 2, 28, 999999, 0, 3, 19100
1, 1, 42, 12, -2.0568945, 4, 8, 52, 56, 44, 42, 4, 4, 28, 999999, 0, 3, 19100
0, 3, 46, 15, 1.8084236, 11, 7, 53, 49, 37, 43, 11, 11, 30, 999999, 0, 3, 19100
2, 1, 40, 9, 2.5833402, 3, 7, 53, 61, 49, 43, 3, 3, 28, 999999, 0, 3, 19233
4, 2, 45, 9, 0.067247994, 4, 2, 58, 56, 44, 48, 4, 4, 31, 999999, 0, 3, 19233
1, 1, 42, 12, -1.873029, 4, 8, 52, 56, 44, 42, 4, 4, 28, 999999, 0, 3, 19233
0, 3, 46, 15, 1.8160923, 11, 7, 53, 49, 37, 43, 11, 11, 30, 999999, 0, 3, 19233
2, 4, 36, 7, 1.2633451, 7, 11, 51, 67, 51, 43, 7, 7, 31, 999999, 0, 3, 19366
4, 2, 46, 9, 0.038684294, 5, 1, 59, 55, 43, 49, 5, 5, 28, 999999, 0, 3, 19366
1, 1, 42, 11, -1.8302655, 3, 7, 53, 57, 45, 43, 3, 3, 31, 999999, 0, 3, 19366
0, 3, 46, 16, 1.8178757, 12, 8, 52, 48, 36, 42, 12, 12, 31, 999999, 0, 3, 19366
2, 4, 36, 7, 1.01545, 7, 11, 51, 67, 51, 43, 7, 7, 31, 4, 1, 3, 19500
4, 2, 47, 9, 0.032041185, 6, 2, 60, 54, 42, 50, 6, 6, 28, 999999, 0, 3, 19500
0, 3, 46, 17, 1.8182905, 13, 9, 51, 47, 35, 41, 13, 13, 33, 999999, 0, 3, 19500
2, 4, 36, 7, 0.6821163, 7, 11, 51, 67, 51, 43, 7, 7, 31, 4, 1, 3, 19633
4, 2, 48, 9, 0.02554247, 7, 3, 61, 53, 43, 51, 7, 7, 25, 999999, 0, 3, 19633
0, 3, 46, 17, 1.8183869, 13, 9, 51, 47, 35, 41, 13, 13, 33, 999999, 0, 3, 19633
2, 4, 36, 7, 0.57646847, 7, 11, 51, 67, 51, 43, 7, 7, 31, 4, 1, 3, 19766
4, 2, 49, 9, 0.016542893, 8, 4, 62, 52, 42, 50, 8, 8, 22, 999999, 0, 3, 19766
0, 0, 46, 18, 1.8184094, 14, 10, 50, 46, 34, 40, 14, 14, 37, 999999, 0, 3, 19766
3, 4, 41, 18, -1.7243887, 11, 15, 45, 51, 39, 35, 11, 11, 37, 6, 1, 3, 19900
4, 4, 41, 18, -1.7341474, 11, 15, 45, 51, 39, 35, 11, 11, 37, 7, 1, 3, 19900
2, 4, 36, 7, 0.573276, 7, 11, 51, 67, 51, 43, 7, 7, 31, 4, 1, 3, 19900
4, 2, 50, 9, 0.050059535, 9, 5, 63, 51, 41, 49, 9, 9, 24, 999999, 0, 3, 19900
3, 4, 41, 18, -1.7256805, 11, 15, 45, 51, 39, 35, 11, 11, 37, 6, 1, 3, 20033
4, 4, 41, 18, -1.7356914, 11, 15, 45, 51, 39, 35, 11, 11, 37, 7, 1, 3, 20033
2, 4, 36, 7, 0.5705507, 7, 11, 51, 67, 51, 43, 7, 7, 31, 4, 1, 3, 20033
4, 2, 50, 9, 0.11168047, 9, 5, 63, 51, 41, 49, 9, 9, 24, 999999, 0, 3, 20033
3, 1, 83, 26, -2.6705964, 59, 55, 81, 3, 51, 59, 59, 59, 18, 999999, 0, 3, 20033
6, 1, 86, 27, -2.6985307, 63, 59, 85, 3, 53, 61, 63, 63, 18, 999999, 0, 3, 20033
3, 4, 41, 18, -1.726371, 11, 15, 45, 51, 39, 35, 11, 11, 37, 6, 1, 3, 20166
4, 4, 41, 18, -1.7361797, 11, 15, 45, 51, 39, 35, 11, 11, 37, 7, 1, 3, 20166
2, 4, 36, 7, 0.57020557, 7, 11, 51, 67, 51, 43, 7, 7, 31, 4, 1, 3, 20166
4, 2, 51, 9, 0.12601332, 10, 6, 64, 50, 40, 48, 10, 10, 33, 999999, 0, 3, 20166
3, 4, 41, 18, -1.5597044, 11, 15, 45, 51, 39, 35, 11, 11, 37, 6, 1, 3, 20300
4, 4, 41, 18, -1.5107371, 11, 15, 45, 51, 39, 35, 11, 11, 37, 7, 1, 3, 20300
2, 4, 36, 7, 0.56986016, 7, 11, 51, 67, 51, 43, 7, 7, 31, 7, 1, 3, 20300
4, 2, 51, 9, 0.12934692, 10, 6, 64, 50, 40, 48, 10, 10, 33, 999999, 0, 3, 20300
3, 4, 41, 18, -1.5597044, 11, 15, 45, 51, 39, 35, 11, 11, 37, 999999, 0, 3, 20433
4, 4, 41, 18, -1.5107371, 11, 15, 45, 51, 39, 35, 11, 11, 37, 999999, 0, 3, 20433
4, 2, 52, 10, 0.7082757, 12, 8, 66, 48, 38, 46, 12, 12, 31, 999999, 0, 3, 20433
3, 4, 41, 18, -1.5597044, 11, 15, 45, 51, 39, 35, 11, 11, 37, 999999, 0, 3, 20566
4, 4, 41, 18, -1.5107371, 11, 15, 45, 51, 39, 35, 11, 11, 37, 999999, 0, 3, 20566
4, 2, 53, 10, 0.7762456, 13, 9, 65, 47, 37, 45, 13, 13, 36, 999999, 0, 3, 20566
3, 4, 41, 18, -1.5597044, 11, 15, 45, 51, 39, 35, 11, 11, 37, 999999, 0, 3, 20700
4, 4, 41, 18, -1.5107371, 11, 15, 45, 51, 39, 35, 11, 11, 37, 999999, 0, 3, 20700
4, 2, 53, 11, 1.0247186, 14, 10, 64, 46, 36, 44, 14, 14, 36, 999999, 0, 3, 20700
5, 1, 54, 33, 1.9392534, 39, 35, 59, 39, 15, 23, 39, 39, 39, 999999, 0, 3, 20700
3, 3, 83, 26, -2.535047, 59, 55, 81, 3, 51, 59, 59, 59, 18, 999999, 0, 3, 20700
6, 1, 86, 27, -2.7927117, 63, 59, 85, 3, 53, 61, 63, 63, 18, 999999, 0, 3, 20700
3, 4, 41, 18, -1.5597044, 11, 15, 45, 51, 39, 35, 11, 11, 37, 999999, 0, 3, 20833
4, 4, 41, 18, -1.5107371, 11, 15, 45, 51, 39, 35, 11, 11, 37, 999999, 0, 3, 20833
4, 2, 53, 12, 1.4703943, 15, 11, 63, 45, 35, 43, 15, 15, 37, 999999, 0, 3, 20833
5, 1, 54, 33, 0.45100817, 39, 35, 59, 39, 15, 23, 39, 39, 39, 999999, 0, 3, 20833
3, 3, 83, 26, -2.275105, 59, 55, 81, 3, 51, 59, 59, 59, 18, 999999, 0, 3, 20833
6, 1, 86, 27, -2.8237853, 63, 59, 85, 3, 53, 61, 63, 63, 18, 999999, 0, 3, 20833
3, 4, 41, 18, -1.5597044, 11, 15, 45, 51, 39, 35, 11, 11, 37, 999999, 0, 3, 20966
4, 4, 41, 18, -1.5107371, 11, 15, 45, 51, 39, 35, 11, 11, 37, 999999, 0, 3, 20966
4, 2, 53, 12, 1.5740417, 15, 11, 63, 45, 35, 43, 15, 15, 37, 999999, 0, 3, 20966
5, 1, 55, 33, 0.10489005, 40, 36, 60, 38, 16, 24, 40, 40, 49, 999999, 0, 3, 20966
3, 3, 83, 26, -2.2146525, 59, 55, 81, 3, 51, 59, 59, 59, 18, 999999, 0, 3, 20966
6, 1, 86, 27, -2.8310125, 63, 59, 85, 3, 53, 61, 63, 63, 18, 999999, 0, 3, 20966
3, 4, 41, 18, 0.035974808, 11, 15, 45, 51, 39, 35, 11, 11, 37, 2, 1, 3, 21100
4, 2, 53, 13, 1.1636163, 16, 12, 62, 44, 34, 42, 16, 16, 40, 999999, 0, 3, 21100
5, 1, 55, 33, 0.024396451, 40, 36, 60, 38, 16, 24, 40, 40, 49, 999999, 0, 3, 21100
3, 3, 82, 26, -2.2005913, 58, 54, 80, 4, 50, 58, 58, 58, 19, 999999, 0, 3, 21100
6, 1, 85, 27, -2.8326933, 62, 58, 84, 2, 54, 62, 62, 62, 18, 999999, 0, 3, 21100
3, 4, 41, 18, 0.062092017, 11, 15, 45, 51, 39, 35, 11, 11, 37, 2, 1, 3, 21233
4, 2, 54, 14, 0.8586096, 18, 14, 62, 42, 34, 42, 18, 18, 53, 999999, 0, 3, 21233
5, 1, 56, 33, 0.005673737, 39, 35, 61, 37, 17, 25, 39, 39, 57, 999999, 0, 3, 21233
3, 3, 82, 25, -2.1973214, 57, 53, 79, 3, 51, 59, 57, 57, 19, 999999, 0, 3, 21233
6, 1, 85, 26, -2.8330839, 61, 57, 83, 1, 53, 61, 61, 61, 19, 999999, 0, 3, 21233
3, 4, 41, 18, 0.042134706, 11, 15, 45, 51, 39, 35, 11, 11, 37, 2, 1, 3, 21366
4, 2, 55, 14, 0.8050481, 19, 15, 63, 41, 35, 43, 19, 19, 57, 999999, 0, 3, 21366
5, 1, 56, 33, 0.0013194684, 39, 35, 61, 37, 17, 25, 39, 39, 57, 999999, 0, 3, 21366
3, 3, 81, 25, -2.1965609, 56, 52, 78, 4, 50, 58, 56, 56, 22, 999999, 0, 3, 21366
6, 1, 84, 26, -2.635507, 60, 56, 82, 2, 52, 60, 60, 60, 19, 999999, 0, 3, 21366
3, 4, 42, 18, 0.008283471, 12, 14, 46, 50, 38, 36, 12, 12, 30, 2, 1, 3, 21500
4, 2, 55, 15, 0.79259, 20, 16, 62, 40, 34, 42, 20, 20, 59, 999999, 0, 3, 21500
5, 1, 56, 33, 3.068447E-4, 39, 35, 61, 37, 17, 25, 39, 39, 57, 999999, 0, 3, 21500
3, 3, 81, 24, -2.4730673, 55, 51, 79, 5, 51, 59, 55, 55, 21, 999999, 0, 3, 21500
6, 1, 84, 26, -2.559147, 60, 56, 82, 2, 52, 60, 60, 60, 19, 999999, 0, 3, 21500
3, 4, 42, 18, -0.005544691, 12, 14, 46, 50, 38, 36, 12, 12, 30, 2, 1, 3, 21633
4, 2, 56, 15, 0.7869029, 21, 17, 63, 39, 35, 43, 21, 21, 62, 999999, 0, 3, 21633
3, 1, 80, 24, -2.6708016, 54, 50, 78, 6, 50, 58, 54, 54, 24, 999999, 0, 3, 21633
5, 3, 57, 33, -0.58082986, 40, 36, 62, 36, 18, 26, 40, 40, 61, 999999, 0, 3, 21633
6, 1, 83, 25, -2.5413857, 58, 54, 80, 2, 52, 60, 58, 58, 19, 999999, 0, 3, 21633
3, 4, 42, 18, 5.4115057E-4, 12, 14, 46, 50, 38, 36, 12, 12, 30, 2, 1, 3, 21766
4, 2, 56, 16, 0.78558034, 22, 18, 62, 38, 34, 42, 22, 22, 64, 999999, 0, 3, 21766
3, 1, 79, 23, -2.7578504, 52, 48, 78, 8, 50, 58, 52, 52, 24, 999999, 0, 3, 21766
5, 3, 57, 32, -1.4437984, 39, 35, 61, 35, 19, 27, 39, 39, 60, 999999, 0, 3, 21766
6, 1, 82, 25, -2.5627036, 57, 53, 79, 3, 51, 59, 57, 57, 19, 999999, 0, 3, 21766
3, 4, 42, 18, -5.6624416E-5, 12, 14, 46, 50, 38, 36, 12, 12, 30, 2, 1, 3, 21900
4, 2, 56, 17, 1.3994074, 23, 19, 61, 37, 33, 41, 23, 23, 65, 999999, 0, 3, 21900
3, 1, 79, 23, -2.7844167, 52, 48, 78, 8, 50, 58, 52, 52, 24, 999999, 0, 3, 21900
5, 3, 57, 32, -1.6444937, 39, 35, 61, 35, 19, 27, 39, 39, 60, 999999, 0, 3, 21900
6, 1, 82, 24, -2.6061363, 56, 52, 80, 4, 52, 60, 56, 56, 20, 999999, 0, 3, 21900
3, 4, 42, 18, -5.6624416E-5, 12, 14, 46, 50, 38, 36, 12, 12, 30, 2, 1, 3, 22033
4, 2, 56, 18, 1.5421615, 24, 20, 60, 36, 32, 40, 24, 24, 68, 999999, 0, 3, 22033
5, 1, 56, 31, -1.6911719, 37, 33, 59, 35, 19, 27, 37, 37, 50, 999999, 0, 3, 22033
3, 3, 78, 23, -2.7905948, 51, 47, 77, 9, 49, 57, 51, 51, 32, 999999, 0, 3, 22033
6, 1, 81, 24, -2.6162379, 55, 51, 79, 5, 51, 59, 55, 55, 21, 999999, 0, 3, 22033
3, 4, 42, 18, -5.6624416E-5, 12, 14, 46, 50, 38, 36, 12, 12, 30, 2, 1, 3, 22166
4, 2, 56, 19, 1.5641294, 25, 21, 59, 35, 31, 39, 25, 25, 69, 999999, 0, 3, 22166
5, 1, 56, 31, -1.7020285, 37, 33, 59, 35, 19, 27, 37, 37, 50, 999999, 0, 3, 22166
3, 3, 77, 22, -2.5561538, 49, 45, 77, 11, 49, 57, 49, 49, 30, 999999, 0, 3, 22166
6, 1, 80, 24, -2.7533202, 54, 50, 78, 6, 50, 58, 54, 54, 24, 999999, 0, 3, 22166
4, 2, 56, 19, 1.5692384, 25, 21, 59, 35, 31, 39, 25, 25, 69, 999999, 0, 3, 22300
5, 1, 56, 31, -1.7045534, 37, 33, 59, 35, 19, 27, 37, 37, 50, 999999, 0, 3, 22300
3, 1, 77, 22, -2.1450775, 49, 45, 77, 11, 49, 57, 49, 49, 30, 999999, 0, 3, 22300
6, 3, 79, 23, -2.8501737, 52, 48, 78, 8, 50, 58, 52, 52, 24, 999999, 0, 3, 22300
4, 2, 56, 20, 1.5704267, 26, 22, 58, 34, 30, 38, 26, 26, 71, 999999, 0, 3, 22433
3, 1, 76, 21, -2.049477, 47, 43, 77, 13, 49, 57, 47, 47, 33, 999999, 0, 3, 22433
6, 3, 78, 23, -2.8727014, 51, 47, 77, 9, 49, 57, 51, 51, 32, 999999, 0, 3, 22433
4, 2, 56, 21, 1.5707358, 27, 23, 57, 33, 29, 37, 27, 27, 72, 999999, 0, 3, 22566
3, 1, 76, 21, -2.2357457, 47, 43, 77, 13, 49, 57, 47, 47, 33, 999999, 0, 3, 22566
6, 3, 78, 23, -2.8779407, 51, 47, 77, 9, 49, 57, 51, 51, 32, 999999, 0, 3, 22566
4, 2, 56, 22, 1.5707982, 28, 24, 56, 32, 28, 36, 28, 28, 71, 999999, 0, 3, 22699
3, 1, 75, 20, -2.5942411, 45, 41, 77, 15, 49, 57, 45, 45, 33, 999999, 0, 3, 22699
6, 3, 77, 23, -2.6474602, 50, 46, 76, 10, 48, 56, 50, 50, 35, 999999, 0, 3, 22699
4, 2, 56, 23, 1.5707982, 29, 25, 55, 31, 27, 35, 29, 29, 72, 999999, 0, 3, 22833
3, 1, 74, 20, -2.6776135, 44, 40, 76, 16, 48, 56, 44, 44, 33, 999999, 0, 3, 22833
6, 3, 77, 22, -1.8581882, 49, 45, 77, 11, 49, 57, 49, 49, 30, 999999, 0, 3, 22833
4, 2, 56, 23, 1.5707982, 29, 25, 55, 31, 27, 35, 29, 29, 72, 999999, 0, 3, 22966
3, 1, 74, 19, -2.289652, 43, 39, 77, 17, 49, 57, 43, 43, 35, 999999, 0, 3, 22966
6, 3, 77, 21, -2.0470862, 48, 44, 78, 12, 50, 58, 48, 48, 26, 999999, 0, 3, 22966
4, 2, 56, 24, 1.5707982, 30, 26, 54, 30, 26, 34, 30, 30, 71, 999999, 0, 3, 23099
3, 1, 73, 19, -2.3230958, 42, 38, 78, 18, 50, 58, 42, 42, 28, 999999, 0, 3, 23099
6, 3, 76, 21, -2.2992353, 47, 43, 77, 13, 49, 57, 47, 47, 33, 999999, 0, 3, 23099
3, 4, 42, 18, 0.2516332, 12, 14, 46, 50, 38, 36, 12, 12, 30, 31, 1, 3, 23233
1, 4, 5, 17, -0.5317363, 46, 50, 10, 88, 68, 60, 46, 46, 26, 68, 1, 3, 23233
4, 2, 56, 25, 1.5707982, 31, 27, 53, 29, 25, 33, 31, 31, 70, 999999, 0, 3, 23233
3, 1, 73, 18, -2.3595476, 41, 37, 77, 19, 49, 57, 41, 41, 38, 31, 1, 3, 23233
6, 3, 75, 20, -2.3578753, 45, 41, 77, 15, 49, 57, 45, 45, 33, 999999, 0, 3, 23233
3, 4, 42, 18, 0.17215505, 12, 14, 46, 50, 38, 36, 12, 12, 30, 30, 1, 3, 23366
1, 4, 5, 17, -0.099893354, 46, 50, 10, 88, 68, 60, 46, 46, 26, 67, 1, 3, 23366
4, 2, 56, 26, 1.5707982, 32, 28, 54, 30, 24, 32, 32, 32, 68, 999999, 0, 3, 23366
5, 1, 56, 30, -1.465619, 36, 32, 58, 34, 20, 28, 36, 36, 52, 999999, 0, 3, 23366
3, 1, 72, 18, -2.5787559, 40, 36, 76, 20, 48, 56, 40, 40, 36, 30, 1, 3, 23366
6, 3, 75, 20, -2.5303986, 45, 41, 77, 15, 49, 57, 45, 45, 33, 999999, 0, 3, 23366
3, 4, 42, 18, 0.11640772, 12, 14, 46, 50, 38, 36, 12, 12, 30, 29, 1, 3, 23499
1, 4, 5, 17, 5.367399E-4, 46, 50, 10, 88, 68, 60, 46, 46, 26, 65, 1, 3, 23499
4, 2, 56, 27, 1.5707982, 33, 29, 55, 31, 23, 31, 33, 33, 66, 999999, 0, 3, 23499
5, 1, 56, 30, -1.0484703, 36, 32, 58, 34, 20, 28, 36, 36, 52, 999999, 0, 3, 23499
3, 1, 71, 18, -3.0228662, 39, 35, 75, 21, 47, 55, 39, 39, 36, 29, 1, 3, 23499
6, 3, 74, 19, -2.6471407, 43, 39, 77, 17, 49, 57, 43, 43, 35, 999999, 0, 3, 23499
3, 4, 42, 18, 0.10344168, 12, 14, 46, 50, 38, 36, 12, 12, 30, 27, 1, 3, 23633
1, 4, 6, 17, 0.02389587, 45, 49, 11, 87, 67, 59, 45, 45, 25, 64, 1, 3, 23633
4, 2, 56, 27, 1.5707982, 33, 29, 55, 31, 23, 31, 33, 33, 66, 999999, 0, 3, 23633
5, 1, 57, 30, -0.9514581, 37, 33, 59, 33, 21, 29, 37, 37, 60, 999999, 0, 3, 23633
3, 1, 70, 18, -3.1261492, 38, 34, 74, 22, 46, 54, 38, 38, 47, 27, 1, 3, 23633
6, 3, 73, 19, -2.6742945, 42, 38, 78, 18, 50, 58, 42, 42, 28, 999999, 0, 3, 23633
3, 4, 43, 18, 0.10042611, 13, 13, 47, 49, 37, 37, 13, 13, 28, 27, 1, 3, 23766
1, 4, 6, 17, 0.02932844, 45, 49, 11, 87, 67, 59, 45, 45, 25, 66, 1, 3, 23766
3, 4, 43, 18, 0.099724814, 13, 13, 47, 49, 37, 37, 13, 13, 28, 25, 1, 3, 23899
5, 2, 57, 29, -0.9236453, 36, 32, 58, 32, 22, 30, 36, 36, 62, 999999, 0, 3, 23899
3, 4, 45, 18, 0.13126107, 15, 11, 49, 47, 35, 39, 15, 15, 30, 24, 1, 3, 24033
3, 4, 45, 18, 0.18651655, 15, 11, 49, 47, 35, 39, 15, 15, 30, 23, 1, 3, 24166
3, 4, 46, 18, 0.19936843, 14, 10, 50, 46, 34, 40, 14, 14, 37, 22, 1, 3, 24299
3, 4, 46, 19, 0.20235743, 15, 11, 49, 45, 33, 39, 15, 15, 37, 22, 1, 3, 24433
3, 4, 47, 19, 0.20305267, 16, 12, 50, 44, 32, 40, 16, 16, 39, 21, 1, 3, 24566
3, 4, 48, 19, 0.20321415, 17, 13, 51, 43, 31, 39, 17, 17, 37, 20, 1, 3, 24699
3, 4, 49, 19, 0.20323966, 18, 14, 52, 42, 30, 38, 18, 18, 40, 999999, 0, 3, 24833
6, 1, 70, 17, -2.1358836, 37, 33, 75, 23, 47, 55, 37, 37, 51, 21, 1, 3, 24833
3, 1, 68, 16, -2.4016254, 34, 30, 74, 26, 46, 54, 34, 34, 48, 19, 1, 3, 24833
3, 4, 50, 19, 0.20326042, 19, 15, 53, 41, 29, 37, 19, 19, 46, 18, 1, 3, 24966
6, 1, 70, 17, 2.4176216, 37, 33, 75, 23, 47, 55, 37, 37, 51, 19, 1, 3, 24966
5, 2, 57, 29, -1.3048301, 36, 32, 58, 32, 22, 30, 36, 36, 62, 999999, 0, 3, 24966
3, 1, 68, 16, 2.2970605, 34, 30, 74, 26, 46, 54, 34, 34, 48, 18, 1, 3, 24966
3, 4, 50, 19, 0.20326121, 19, 15, 53, 41, 29, 37, 19, 19, 46, 999999, 0, 3, 25099
6, 1, 69, 18, 2.0153537, 37, 33, 73, 23, 45, 53, 37, 37, 55, 19, 1, 3, 25099
5, 2, 57, 29, 2.9827058, 36, 32, 58, 32, 22, 30, 36, 36, 62, 999999, 0, 3, 25099
3, 1, 68, 16, 1.9285567, 34, 30, 74, 26, 46, 54, 34, 34, 48, 18, 1, 3, 25099
3, 4, 50, 19, 0.20326121, 19, 15, 53, 41, 29, 37, 19, 19, 46, 999999, 0, 3, 25233
6, 1, 69, 18, 1.9218016, 37, 33, 73, 23, 45, 53, 37, 37, 55, 19, 1, 3, 25233
5, 2, 57, 29, 2.5185816, 36, 32, 58, 32, 22, 30, 36, 36, 62, 11, 1, 3, 25233
3, 1, 68, 17, 1.8428566, 35, 31, 73, 25, 45, 53, 35, 35, 55, 18, 1, 3, 25233
3, 4, 50, 19, 0.20326121, 19, 15, 53, 41, 29, 37, 19, 19, 46, 999999, 0, 3, 25366
6, 1, 69, 18, 1.9000417, 37, 33, 73, 23, 45, 53, 37, 37, 55, 19, 1, 3, 25366
5, 2, 57, 29, 2.410644, 36, 32, 58, 32, 22, 30, 36, 36, 62, 11, 1, 3, 25366
3, 1, 68, 18, 1.8229235, 36, 32, 72, 24, 44, 52, 36, 36, 58, 18, 1, 3, 25366
3, 4, 50, 19, 0.20326121, 19, 15, 53, 41, 29, 37, 19, 19, 46, 999999, 0, 3, 25499
6, 1, 69, 19, 2.1046076, 38, 34, 72, 22, 44, 52, 38, 38, 51, 18, 1, 3, 25499
5, 2, 56, 30, 2.3855386, 36, 32, 58, 34, 20, 28, 36, 36, 52, 999999, 0, 3, 25499
3, 1, 68, 18, 1.8182877, 36, 32, 72, 24, 44, 52, 36, 36, 58, 17, 1, 3, 25499
3, 4, 50, 19, 0.20326121, 19, 15, 53, 41, 29, 37, 19, 19, 46, 999999, 0, 3, 25633
6, 1, 68, 19, 2.1521862, 37, 33, 71, 23, 43, 51, 37, 37, 57, 18, 1, 3, 25633
5, 2, 56, 31, 1.8314625, 37, 33, 59, 35, 19, 27, 37, 37, 50, 999999, 0, 3, 25633
3, 4, 53, 20, -0.051312547, 23, 19, 55, 37, 27, 35, 23, 23, 60, 14, 1, 3, 25766
1, 4, 12, 17, 0.030974692, 39, 43, 17, 81, 61, 53, 39, 39, 35, 55, 1, 3, 25766
5, 2, 56, 31, 1.8023895, 37, 33, 59, 35, 19, 27, 37, 37, 50, 999999, 0, 3, 25766
3, 4, 53, 20, -0.022076493, 23, 19, 55, 37, 27, 35, 23, 23, 60, 13, 1, 3, 25899
1, 4, 13, 17, 0.030974692, 38, 42, 18, 80, 60, 52, 38, 38, 39, 54, 1, 3, 25899
5, 2, 56, 32, 1.795628, 38, 34, 60, 36, 18, 26, 38, 38, 53, 999999, 0, 3, 25899
3, 4, 54, 20, -5.7375437E-4, 24, 20, 56, 36, 28, 36, 24, 24, 65, 13, 1, 3, 26033
1, 4, 13, 17, 0.030974692, 38, 42, 18, 80, 60, 52, 38, 38, 39, 53, 1, 3, 26033
5, 2, 56, 32, 1.7940555, 38, 34, 60, 36, 18, 26, 38, 38, 53, 999999, 0, 3, 26033
3, 4, 54, 20, 0.008434574, 24, 20, 56, 36, 28, 36, 24, 24, 65, 12, 1, 3, 26166
1, 4, 13, 17, 0.030974692, 38, 42, 18, 80, 60, 52, 38, 38, 39, 53, 1, 3, 26166
5, 2, 55, 33, 2.4599633, 40, 36, 60, 38, 16, 24, 40, 40, 49, 999999, 0, 3, 26166
3, 4, 54, 20, 0.009815075, 24, 20, 56, 36, 28, 36, 24, 24, 65, 12, 1, 3, 26299
1, 4, 14, 17, 0.030974692, 37, 41, 19, 79, 59, 51, 37, 37, 42, 52, 1, 3, 26299
5, 2, 55, 34, 1.9921452, 41, 37, 61, 39, 15, 23, 41, 41, 52, 999999, 0, 3, 26299
3, 4, 54, 20, 0.009671957, 24, 20, 56, 36, 28, 36, 24, 24, 65, 12, 1, 3, 26433
1, 4, 14, 17, 0.030974692, 37, 41, 19, 79, 59, 51, 37, 37, 42, 52, 1, 3, 26433
5, 2, 55, 34, 1.6325878, 41, 37, 61, 39, 15, 23, 41, 41, 52, 999999, 0, 3, 26433
3, 4, 54, 20, 0.009671957, 24, 20, 56, 36, 28, 36, 24, 24, 65, 12, 1, 3, 26566
1, 4, 14, 17, 0.030974692, 37, 41, 19, 79, 59, 51, 37, 37, 42, 52, 1, 3, 26566
5, 2, 55, 35, 1.5637386, 42, 38, 62, 40, 14, 22, 42, 42, 52, 999999, 0, 3, 26566
3, 4, 54, 20, 0.009671957, 24, 20, 56, 36, 28, 36, 24, 24, 65, 12, 1, 3, 26699
1, 4, 15, 17, 0.030974692, 36, 40, 20, 78, 58, 50, 36, 36, 43, 51, 1, 3, 26699
5, 2, 55, 36, 1.5700519, 43, 39, 63, 41, 13, 21, 43, 43, 48, 999999, 0, 3, 26699
3, 4, 54, 20, -0.056316454, 24, 20, 56, 36, 28, 36, 24, 24, 65, 12, 1, 3, 26833
1, 4, 15, 17, 0.030974692, 36, 40, 20, 78, 58, 50, 36, 36, 43, 51, 1, 3, 26833
5, 2, 55, 37, 1.5715202, 44, 40, 64, 42, 12, 20, 44, 44, 44, 999999, 0, 3, 26833
3, 4, 54, 20, -0.056316454, 24, 20, 56, 36, 28, 36, 24, 24, 65, 12, 1, 3, 26966
1, 4, 16, 17, 0.030974692, 35, 39, 21, 77, 57, 49, 35, 35, 47, 51, 1, 3, 26966
5, 2, 55, 38, 1.571185, 45, 41, 65, 43, 11, 19, 45, 45, 37, 999999, 0, 3, 26966
3, 4, 54, 20, -0.056316454, 24, 20, 56, 36, 28, 36, 24, 24, 65, 12, 1, 3, 27099
1, 4, 16, 17, 0.030974692, 35, 39, 21, 77, 57, 49, 35, 35, 47, 50, 1, 3, 27099
5, 2, 55, 39, 1.5707806, 46, 42, 66, 44, 10, 18, 46, 46, 35, 999999, 0, 3, 27099
1, 4, 16, 17, 0.030974692, 35, 39, 21, 77, 57, 49, 35, 35, 47, 50, 1, 3, 27233
5, 2, 55, 39, 1.5706992, 46, 42, 66, 44, 10, 18, 46, 46, 35, 999999, 0, 3, 27233
6, 0, 67, 19, 2.9452055, 36, 32, 70, 24, 42, 50, 36, 36, 60, 50, 1, 3, 27233
1, 4, 17, 17, 0.030974692, 34, 38, 22, 76, 56, 48, 34, 34, 51, 49, 1, 3, 27366
5, 2, 55, 40, 1.5706992, 47, 43, 67, 45, 9, 17, 47, 47, 34, 999999, 0, 3, 27366
1, 4, 17, 17, 0.030974692, 34, 38, 22, 76, 56, 48, 34, 34, 51, 49, 1, 3, 27499
5, 2, 55, 40, 1.5706992, 47, 43, 67, 45, 9, 17, 47, 47, 34, 999999, 0, 3, 27499
1, 4, 18, 18, 0.030974692, 34, 38, 22, 74, 54, 46, 34, 34, 55, 48, 1, 3, 27633
5, 2, 55, 41, 1.9805593, 48, 44, 68, 46, 8, 16, 48, 48, 35, 999999, 0, 3, 27633
1, 4, 18, 18, 0.030974692, 34, 38, 22, 74, 54, 46, 34, 34, 55, 48, 1, 3, 27766
5, 2, 54, 42, 2.273536, 50, 46, 68, 48, 6, 14, 50, 50, 35, 999999, 0, 3, 27766
1, 4, 19, 18, 0.030974692, 33, 37, 23, 73, 53, 45, 33, 33, 58, 47, 1, 3, 27899
5, 2, 53, 42, 2.9668982, 51, 47, 67, 49, 5, 13, 51, 51, 31, 999999, 0, 3, 27899
1, 4, 19, 18, 0.030974692, 33, 37, 23, 73, 53, 45, 33, 33, 58, 47, 1, 3, 28033
5, 2, 53, 42, 3.1281486, 51, 47, 67, 49, 5, 13, 51, 51, 31, 999999, 0, 3, 28033
1, 4, 19, 18, 0.030974692, 33, 37, 23, 73, 53, 45, 33, 33, 58, 46, 1, 3, 28166
5, 2, 52, 42, -3.1286097, 50, 46, 66, 50, 4, 12, 50, 50, 28, 999999, 0, 3, 28166
1, 4, 20, 18, 0.030974692, 32, 36, 24, 72, 52, 44, 32, 32, 59, 46, 1, 3, 28299
5, 2, 51, 42, -3.139208, 49, 45, 65, 51, 3, 11, 49, 49, 33, 999999, 0, 3, 28299
6, 0, 66, 20, 2.6402519, 36, 32, 68, 24, 40, 48, 36, 36, 65, 46, 1, 3, 28299
1, 4, 20, 18, 0.030974692, 32, 36, 24, 72, 52, 44, 32, 32, 59, 45, 1, 3, 28433
5, 2, 50, 42, 3.1415122, 48, 44, 64, 52, 2, 10, 48, 48, 37, 999999, 0, 3, 28433
6, 0, 66, 20, -2.7245166, 36, 32, 68, 24, 40, 48, 36, 36, 65, 45, 1, 3, 28433
1, 4, 20, 18, 0.030974692, 32, 36, 24, 72, 52, 44, 32, 32, 59, 45, 1, 3, 28566
5, 2, 49, 42, 3.1415122, 47, 43, 63, 53, 1, 9, 47, 47, 42, 999999, 0, 3, 28566
6, 0, 66, 20, -2.3360798, 36, 32, 68, 24, 40, 48, 36, 36, 65, 45, 1, 3, 28566
5, 2, 49, 42, 3.1415122, 47, 43, 63, 53, 1, 9, 47, 47, 42, 999999, 0, 3, 28699
6, 0, 65, 19, -2.245744, 34, 30, 68, 26, 40, 48, 34, 34, 66, 999999, 0, 3, 28699
5, 2, 48, 42, 3.1415122, 48, 44, 62, 54, 0, 8, 48, 48, 44, 999999, 0, 3, 28833
6, 0, 65, 19, -2.2247324, 34, 30, 68, 26, 40, 48, 34, 34, 66, 999999, 0, 3, 28833
5, 2, 47, 42, 3.1415122, 49, 45, 61, 55, 1, 7, 49, 49, 46, 999999, 0, 3, 28966
6, 0, 65, 19, -2.2198455, 34, 30, 68, 26, 40, 48, 34, 34, 66, 999999, 0, 3, 28966
5, 2, 46, 42, 3.1415122, 50, 46, 60, 56, 2, 6, 50, 50, 48, 999999, 0, 3, 29099
6, 0, 65, 18, -2.2187092, 33, 29, 69, 27, 41, 49, 33, 33, 63, 999999, 0, 3, 29099
5, 2, 45, 42, 3.1415122, 51, 47, 59, 57, 3, 5, 51, 51, 48, 999999, 0, 3, 29233
6, 0, 65, 18, -1.8513892, 33, 29, 69, 27, 41, 49, 33, 33, 63, 999999, 0, 3, 29233
5, 2, 45, 42, 3.1415122, 51, 47, 59, 57, 3, 5, 51, 51, 48, 999999, 0, 3, 29366
6, 0, 65, 18, -1.7659643, 33, 29, 69, 27, 41, 49, 33, 33, 63, 999999, 0, 3, 29366
5, 2, 44, 42, 3.1415122, 50, 48, 58, 58, 4, 4, 50, 50, 48, 999999, 0, 3, 29499
6, 0, 65, 17, -1.7460952, 32, 28, 70, 28, 42, 50, 32, 32, 59, 999999, 0, 3, 29499
5, 2, 43, 42, 3.1415122, 49, 49, 57, 59, 5, 3, 49, 49, 48, 999999, 0, 3, 29633
6, 0, 64, 17, -1.7414743, 31, 27, 69, 29, 41, 49, 31, 31, 65, 999999, 0, 3, 29633
5, 2, 42, 42, 3.1415122, 48, 50, 56, 60, 6, 2, 48, 48, 48, 999999, 0, 3, 29766
6, 0, 64, 16, -1.7403995, 30, 26, 70, 30, 42, 50, 30, 30, 63, 999999, 0, 3, 29766
6, 0, 64, 16, -1.7401496, 30, 26, 70, 30, 42, 50, 30, 30, 63, 999999, 0, 3, 29899
3, 4, 4, 26, -0.4623523, 56, 60, 2, 82, 60, 52, 56, 56, 18, 79, 1, 3, 30033
4, 4, 5, 25, -0.45667988, 54, 58, 2, 80, 60, 52, 54, 54, 19, 78, 1, 3, 30033
2, 4, 5, 25, -0.4432219, 54, 58, 2, 80, 60, 52, 54, 54, 19, 77, 1, 3, 30033
6, 0, 64, 16, -1.7400914, 30, 26, 70, 30, 42, 50, 30, 30, 63, 999999, 0, 3, 30033
4, 5, 87, 26, -2.720596, 63, 59, 85, 3, 55, 63, 63, 63, 19, 81, 1, 3, 30033
3, 4, 4, 26, -0.4623523, 56, 60, 2, 82, 60, 52, 56, 56, 18, 79, 1, 3, 30166
4, 4, 5, 25, -0.45667988, 54, 58, 2, 80, 60, 52, 54, 54, 19, 78, 1, 3, 30166
2, 4, 5, 25, -0.4432219, 54, 58, 2, 80, 60, 52, 54, 54, 19, 77, 1, 3, 30166
6, 0, 64, 15, -1.740078, 29, 25, 71, 31, 43, 51, 29, 29, 56, 999999, 0, 3, 30166
3, 4, 4, 26, -0.4623523, 56, 60, 2, 82, 60, 52, 56, 56, 18, 79, 1, 3, 30299
4, 4, 5, 25, -0.45667988, 54, 58, 2, 80, 60, 52, 54, 54, 19, 78, 1, 3, 30299
2, 4, 5, 25, -0.4432219, 54, 58, 2, 80, 60, 52, 54, 54, 19, 77, 1, 3, 30299
6, 0, 64, 15, -1.7400749, 29, 25, 71, 31, 43, 51, 29, 29, 56, 999999, 0, 3, 30299
3, 4, 4, 26, -0.4623523, 56, 60, 2, 82, 60, 52, 56, 56, 18, 79, 1, 3, 30433
4, 4, 5, 25, -0.45667988, 54, 58, 2, 80, 60, 52, 54, 54, 19, 78, 1, 3, 30433
2, 4, 5, 25, -0.4432219, 54, 58, 2, 80, 60, 52, 54, 54, 19, 77, 1, 3, 30433
6, 0, 64, 14, -1.7400742, 28, 24, 72, 32, 44, 52, 28, 28, 53, 999999, 0, 3, 30433
3, 4, 4, 26, -0.4623523, 56, 60, 2, 82, 60, 52, 56, 56, 18, 79, 1, 3, 30566
4, 4, 5, 25, -0.45667988, 54, 58, 2, 80, 60, 52, 54, 54, 19, 78, 1, 3, 30566
2, 4, 5, 25, -0.4432219, 54, 58, 2, 80, 60, 52, 54, 54, 19, 77, 1, 3, 30566
6, 0, 64, 14, -1.7400739, 28, 24, 72, 32, 44, 52, 28, 28, 53, 999999, 0, 3, 30566
5, 0, 40, 42, -2.0883045, 46, 50, 54, 62, 8, 0, 46, 46, 46, 999999, 0, 3, 30566
3, 4, 4, 26, -0.17621194, 56, 60, 2, 82, 60, 52, 56, 56, 18, 79, 1, 3, 30699
4, 4, 5, 25, -0.4736702, 54, 58, 2, 80, 60, 52, 54, 54, 19, 77, 1, 3, 30699
2, 4, 5, 25, -0.09610967, 54, 58, 2, 80, 60, 52, 54, 54, 19, 77, 1, 3, 30699
6, 0, 64, 14, -1.7400739, 28, 24, 72, 32, 44, 52, 28, 28, 53, 999999, 0, 3, 30699
4, 5, 87, 26, -2.9579215, 63, 59, 85, 3, 55, 63, 63, 63, 19, 81, 1, 3, 30699
5, 0, 40, 42, -1.3353341, 46, 50, 54, 62, 8, 0, 46, 46, 46, 999999, 0, 3, 30699
3, 4, 4, 26, -0.10674554, 56, 60, 2, 82, 60, 52, 56, 56, 18, 78, 1, 3, 30833
4, 4, 6, 25, -0.50834686, 53, 57, 3, 79, 59, 51, 53, 53, 22, 77, 1, 3, 30833
2, 4, 5, 25, 0.043774813, 54, 58, 2, 80, 60, 52, 54, 54, 19, 77, 1, 3, 30833
6, 0, 64, 13, -1.7400739, 27, 23, 73, 33, 45, 53, 27, 27, 56, 999999, 0, 3, 30833
5, 0, 40, 41, -1.3066751, 45, 49, 53, 61, 9, 1, 45, 45, 47, 999999, 0, 3, 30833
4, 5, 87, 26, -3.0792413, 63, 59, 85, 3, 55, 63, 63, 63, 19, 80, 1, 3, 30833
3, 4, 5, 26, -0.0905883, 55, 59, 3, 81, 59, 51, 55, 55, 19, 78, 1, 3, 30966
4, 4, 6, 25, -0.5164117, 53, 57, 3, 79, 59, 51, 53, 53, 22, 77, 1, 3, 30966
2, 4, 6, 25, 0.076310694, 53, 57, 3, 79, 59, 51, 53, 53, 22, 77, 1, 3, 30966
0, 4, 29, 24, 0.5153751, 29, 33, 27, 57, 37, 29, 29, 29, 74, 53, 1, 3, 30966
5, 4, 32, 21, -0.2961633, 23, 27, 33, 57, 37, 29, 23, 23, 69, 32, 1, 3, 30966
6, 0, 64, 13, 3.0798826, 27, 23, 73, 33, 45, 53, 27, 27, 56, 32, 1, 3, 30966
4, 5, 86, 26, -3.1074584, 62, 58, 84, 2, 54, 62, 62, 62, 19, 56, 1, 3, 30966
5, 0, 40, 41, -1.3706377, 45, 49, 53, 61, 9, 1, 45, 45, 47, 999999, 0, 3, 30966
3, 4, 5, 26, -0.08683048, 55, 59, 3, 81, 59, 51, 55, 55, 19, 77, 1, 3, 31099
0, 4, 30, 25, 0.5155085, 29, 33, 27, 55, 35, 27, 29, 29, 72, 52, 1, 3, 31099
2, 4, 7, 25, 0.08387807, 52, 56, 4, 78, 58, 50, 52, 52, 25, 76, 1, 3, 31099
4, 4, 6, 25, -0.5182876, 53, 57, 3, 79, 59, 51, 53, 53, 22, 76, 1, 3, 31099
5, 4, 32, 21, -0.2961633, 23, 27, 33, 57, 37, 29, 23, 23, 69, 31, 1, 3, 31099
6, 0, 63, 14, 2.5144558, 27, 23, 71, 33, 43, 51, 27, 27, 63, 31, 1, 3, 31099
5, 0, 40, 40, -1.3855152, 44, 48, 52, 60, 10, 2, 44, 44, 48, 999999, 0, 3, 31099
4, 5, 86, 26, -3.121055, 62, 58, 84, 2, 54, 62, 62, 62, 19, 55, 1, 3, 31099
3, 4, 6, 26, -0.08595652, 54, 58, 4, 80, 58, 50, 54, 54, 21, 76, 1, 3, 31233
0, 4, 31, 25, 0.51553947, 28, 32, 28, 54, 34, 26, 28, 28, 70, 51, 1, 3, 31233
2, 4, 8, 25, 0.08563778, 51, 55, 5, 77, 57, 49, 51, 51, 32, 74, 1, 3, 31233
4, 4, 7, 25, -0.5187235, 52, 56, 4, 78, 58, 50, 52, 52, 25, 75, 1, 3, 31233
5, 4, 33, 21, -0.2961633, 22, 26, 34, 56, 36, 28, 22, 22, 65, 20, 1, 3, 31233
6, 0, 63, 14, 2.3829587, 27, 23, 71, 33, 43, 51, 27, 27, 63, 31, 1, 3, 31233
5, 0, 41, 40, -1.3889754, 45, 49, 53, 59, 9, 3, 45, 45, 49, 20, 1, 3, 31233
4, 5, 85, 26, -3.127609, 61, 57, 83, 1, 53, 61, 61, 61, 19, 53, 1, 3, 31233
3, 4, 6, 26, -0.08575323, 54, 58, 4, 80, 58, 50, 54, 54, 21, 75, 1, 3, 31366
0, 4, 32, 26, 0.51554686, 28, 32, 30, 54, 32, 24, 28, 28, 63, 49, 1, 3, 31366
2, 4, 8, 25, 0.08604697, 51, 55, 5, 77, 57, 49, 51, 51, 32, 73, 1, 3, 31366
5, 4, 33, 21, -0.2961633, 22, 26, 34, 56, 36, 28, 22, 22, 65, 19, 1, 3, 31366
6, 0, 63, 14, 2.352374, 27, 23, 71, 33, 43, 51, 27, 27, 63, 30, 1, 3, 31366
5, 0, 41, 38, -1.38978, 43, 47, 51, 57, 11, 5, 43, 43, 51, 19, 1, 3, 31366
4, 5, 84, 26, -3.1291335, 60, 56, 82, 2, 52, 60, 60, 60, 19, 52, 1, 3, 31366
3, 4, 6, 26, -0.085706204, 54, 58, 4, 80, 58, 50, 54, 54, 21, 75, 1, 3, 31499
0, 4, 32, 26, 0.5155485, 28, 32, 30, 54, 32, 24, 28, 28, 63, 49, 1, 3, 31499
6, 4, 33, 27, -0.13271284, 28, 32, 32, 54, 30, 22, 28, 28, 45, 50, 1, 3, 31499
2, 4, 9, 25, 0.08614223, 50, 54, 6, 76, 56, 48, 50, 50, 36, 72, 1, 3, 31499
5, 4, 33, 21, -0.2961633, 22, 26, 34, 56, 36, 28, 22, 22, 65, 18, 1, 3, 31499
6, 0, 63, 14, 2.3452609, 27, 23, 71, 33, 43, 51, 27, 27, 63, 29, 1, 3, 31499
4, 5, 83, 26, -3.1327763, 59, 55, 81, 3, 51, 59, 59, 59, 18, 51, 1, 3, 31499
6, 4, 33, 27, -0.13271284, 28, 32, 32, 54, 30, 22, 28, 28, 45, 47, 1, 3, 31633
3, 4, 7, 26, -0.08569497, 53, 57, 5, 79, 57, 49, 53, 53, 22, 74, 1, 3, 31633
0, 4, 33, 26, 0.5155486, 27, 31, 31, 53, 31, 23, 27, 27, 58, 48, 1, 3, 31633
2, 4, 10, 25, 0.08616423, 49, 53, 7, 75, 55, 47, 49, 49, 38, 71, 1, 3, 31633
1, 4, 30, 18, 0.041711923, 22, 26, 34, 62, 42, 34, 22, 22, 69, 22, 1, 3, 31633
5, 4, 34, 21, -0.2961633, 21, 25, 35, 55, 35, 27, 21, 21, 60, 18, 1, 3, 31633
6, 0, 62, 15, 2.3436065, 27, 23, 69, 33, 41, 49, 27, 27, 68, 28, 1, 3, 31633
4, 5, 82, 26, -3.1352093, 58, 54, 80, 4, 50, 58, 58, 58, 19, 49, 1, 3, 31633
3, 4, 7, 26, -0.08569246, 53, 57, 5, 79, 57, 49, 53, 53, 22, 74, 1, 3, 31766
2, 4, 11, 25, 0.08616957, 48, 52, 8, 74, 54, 46, 48, 48, 40, 32, 1, 3, 31766
1, 4, 30, 18, 0.041711923, 22, 26, 34, 62, 42, 34, 22, 22, 69, 22, 1, 3, 31766
5, 4, 34, 21, -0.2961633, 21, 25, 35, 55, 35, 27, 21, 21, 60, 17, 1, 3, 31766
6, 0, 62, 15, 2.3125222, 27, 23, 69, 33, 41, 49, 27, 27, 68, 28, 1, 3, 31766
4, 5, 82, 26, 3.1078658, 58, 54, 80, 4, 50, 58, 58, 58, 19, 70, 1, 3, 31766
3, 4, 8, 26, -0.0856921, 52, 56, 6, 78, 56, 48, 52, 52, 29, 73, 1, 3, 31899
2, 4, 12, 25, 0.086170696, 47, 51, 9, 73, 53, 45, 47, 47, 41, 31, 1, 3, 31899
1, 4, 30, 18, 0.041711923, 22, 26, 34, 62, 42, 34, 22, 22, 69, 21, 1, 3, 31899
5, 4, 35, 20, -0.2961633, 19, 23, 37, 55, 35, 27, 19, 19, 55, 27, 1, 3, 31899
6, 0, 62, 15, 2.2588832, 27, 23, 69, 33, 41, 49, 27, 27, 68, 27, 1, 3, 31899
4, 5, 81, 26, 3.0794635, 57, 53, 79, 5, 49, 57, 57, 57, 21, 69, 1, 3, 31899
3, 4, 8, 26, -0.0856921, 52, 56, 6, 78, 56, 48, 52, 52, 29, 72, 1, 3, 32033
2, 4, 12, 25, 0.08617088, 47, 51, 9, 73, 53, 45, 47, 47, 41, 31, 1, 3, 32033
0, 4, 35, 27, 0.7655484, 26, 30, 34, 52, 28, 20, 26, 26, 47, 11, 1, 3, 32033
1, 4, 31, 18, 0.041711923, 21, 25, 35, 61, 41, 33, 21, 21, 68, 999999, 0, 3, 32033
6, 4, 35, 27, -0.13271284, 26, 30, 34, 52, 28, 20, 26, 26, 47, 999999, 0, 3, 32033
5, 4, 35, 20, -0.2961633, 19, 23, 37, 55, 35, 27, 19, 19, 55, 26, 1, 3, 32033
6, 0, 61, 16, 2.2464073, 27, 23, 67, 33, 39, 47, 27, 27, 70, 26, 1, 3, 32033
4, 5, 80, 26, 3.0728576, 56, 52, 78, 6, 48, 56, 56, 56, 22, 68, 1, 3, 32033
3, 4, 8, 26, -0.0856921, 52, 56, 6, 78, 56, 48, 52, 52, 29, 71, 1, 3, 32166
2, 4, 13, 25, 0.08617088, 46, 50, 10, 72, 52, 44, 46, 46, 43, 30, 1, 3, 32166
0, 4, 35, 27, 0.99139535, 26, 30, 34, 52, 28, 20, 26, 26, 47, 11, 1, 3, 32166
1, 4, 31, 18, 0.041711923, 21, 25, 35, 61, 41, 33, 21, 21, 68, 999999, 0, 3, 32166
6, 4, 35, 27, -0.13271284, 26, 30, 34, 52, 28, 20, 26, 26, 47, 999999, 0, 3, 32166
5, 4, 35, 20, -0.2961633, 19, 23, 37, 55, 35, 27, 19, 19, 55, 26, 1, 3, 32166
6, 0, 61, 16, 2.243506, 27, 23, 67, 33, 39, 47, 27, 27, 70, 26, 1, 3, 32166
4, 5, 80, 26, 3.0713215, 56, 52, 78, 6, 48, 56, 56, 56, 22, 66, 1, 3, 32166
3, 4, 9, 26, -0.0856921, 51, 55, 7, 77, 55, 47, 51, 51, 36, 69, 1, 3, 32299
2, 4, 14, 25, 0.08617088, 45, 49, 11, 71, 51, 43, 45, 45, 42, 29, 1, 3, 32299
0, 4, 35, 27, 0.99117213, 26, 30, 34, 52, 28, 20, 26, 26, 47, 11, 1, 3, 32299
4, 4, 9, 23, -0.5188556, 48, 52, 8, 78, 58, 50, 48, 48, 32, 999999, 0, 3, 32299
1, 4, 32, 18, 0.041711923, 20, 24, 36, 60, 40, 32, 20, 20, 65, 999999, 0, 3, 32299
6, 4, 35, 27, -0.13271284, 26, 30, 34, 52, 28, 20, 26, 26, 47, 999999, 0, 3, 32299
5, 4, 36, 20, -0.2961633, 18, 22, 38, 54, 36, 28, 18, 18, 50, 25, 1, 3, 32299
6, 0, 61, 16, 2.646322, 27, 23, 67, 33, 39, 47, 27, 27, 70, 25, 1, 3, 32299
4, 5, 79, 26, 3.070964, 55, 51, 77, 7, 47, 55, 55, 55, 29, 65, 1, 3, 32299
0, 4, 35, 27, 0.99156016, 26, 30, 34, 52, 28, 20, 26, 26, 47, 11, 1, 3, 32433
1, 4, 32, 18, 0.041711923, 20, 24, 36, 60, 40, 32, 20, 20, 65, 999999, 0, 3, 32433
2, 4, 14, 26, 0.08617088, 46, 50, 12, 72, 50, 42, 46, 46, 47, 29, 1, 3, 32433
6, 4, 36, 27, -0.13271284, 27, 31, 35, 51, 27, 19, 27, 27, 45, 999999, 0, 3, 32433
5, 4, 36, 20, -0.2961633, 18, 22, 38, 54, 36, 28, 18, 18, 50, 24, 1, 3, 32433
6, 0, 61, 16, -2.9332664, 27, 23, 67, 33, 39, 47, 27, 27, 70, 24, 1, 3, 32433
2, 0, 76, 21, -2.1015806, 47, 43, 77, 13, 49, 57, 47, 47, 33, 999999, 0, 3, 32433
3, 4, 10, 26, -0.0856921, 50, 54, 8, 76, 54, 46, 50, 50, 39, 67, 1, 3, 32566
2, 4, 15, 26, 0.08617088, 45, 49, 13, 71, 49, 41, 45, 45, 49, 28, 1, 3, 32566
0, 4, 35, 27, 0.9925885, 26, 30, 34, 52, 28, 20, 26, 26, 47, 11, 1, 3, 32566
1, 4, 32, 18, 0.041711923, 20, 24, 36, 60, 40, 32, 20, 20, 65, 999999, 0, 3, 32566
6, 4, 36, 27, -0.13271284, 27, 31, 35, 51, 27, 19, 27, 27, 45, 999999, 0, 3, 32566
5, 4, 37, 20, -0.2961633, 17, 21, 39, 53, 37, 29, 17, 17, 38, 24, 1, 3, 32566
6, 0, 60, 16, -2.7696352, 26, 22, 66, 34, 38, 46, 26, 26, 70, 24, 1, 3, 32566
2, 0, 76, 21, -2.0802355, 47, 43, 77, 13, 49, 57, 47, 47, 33, 999999, 0, 3, 32566
3, 4, 10, 26, -0.0856921, 50, 54, 8, 76, 54, 46, 50, 50, 39, 66, 1, 3, 32699
2, 4, 16, 26, 0.08617088, 44, 48, 14, 70, 48, 40, 44, 44, 52, 27, 1, 3, 32699
0, 4, 35, 27, 0.9925325, 26, 30, 34, 52, 28, 20, 26, 26, 47, 11, 1, 3, 32699
1, 4, 33, 18, 0.041711923, 19, 23, 37, 59, 39, 31, 19, 19, 61, 999999, 0, 3, 32699
6, 4, 37, 27, -0.13271284, 28, 32, 36, 50, 26, 18, 28, 28, 42, 999999, 0, 3, 32699
5, 4, 37, 20, -0.2961633, 17, 21, 39, 53, 37, 29, 17, 17, 38, 23, 1, 3, 32699
6, 0, 60, 16, -2.7315767, 26, 22, 66, 34, 38, 46, 26, 26, 70, 23, 1, 3, 32699
2, 0, 75, 20, -2.302098, 45, 41, 77, 15, 49, 57, 45, 45, 33, 999999, 0, 3, 32699
1, 4, 33, 18, 0.041711923, 19, 23, 37, 59, 39, 31, 19, 19, 61, 40, 1, 3, 32833
2, 4, 17, 26, 0.08617088, 43, 47, 15, 69, 47, 39, 43, 43, 57, 59, 1, 3, 32833
6, 4, 37, 26, -0.13271284, 27, 31, 35, 49, 27, 19, 27, 27, 41, 999999, 0, 3, 32833
5, 4, 37, 20, -0.2961633, 17, 21, 39, 53, 37, 29, 17, 17, 38, 22, 1, 3, 32833
6, 0, 60, 15, -2.7227252, 25, 21, 67, 35, 39, 47, 25, 25, 69, 22, 1, 3, 32833
2, 0, 75, 19, -2.3536973, 44, 40, 78, 16, 50, 58, 44, 44, 34, 999999, 0, 3, 32833
